regime,type_idx,type_label,depth,xi_bin,mu,alpha,beta,branching_ratio,n_events,log_lik,converged,fallback
R1,0,sell_submit,1,0,0.323078195130722,0.5660033235321721,0.6458348683592205,0.8763901598718804,17415,-20326.770225062795,True,False
R1,0,sell_submit,1,1,0.15379406165633816,0.30512223397741006,395.8570707673285,0.000770788894552172,5179,-5704.976375797283,True,False
R1,0,sell_submit,1,2,0.06783242549700223,0.4922262553897528,2668.963756568964,0.0001844259796253378,3126,2606.828947501578,True,False
R1,0,sell_submit,1,3,0.04292345432143472,0.7170684101150786,630.1121905982785,0.0011380011699729804,3550,8096.901917655347,True,False
R1,0,sell_submit,1,4,0.018950084816396557,0.8638111273366061,205.06367541209872,0.004212404393906818,3256,9861.796110877549,True,False
R1,0,sell_submit,1,5,0.0017468612640471534,0.8275238051353363,279.35107392384765,0.002962307584902727,237,595.7180749477609,True,False
R1,0,sell_submit,2,0,0.44671897719558035,0.12415450591163553,474.86410532127644,0.0002614527072490285,11935,-15486.611488145125,True,False
R1,0,sell_submit,2,1,0.09299823134119316,0.3622057964534054,201.25953650983996,0.0017996950740055812,3412,-4321.219232981568,True,False
R1,0,sell_submit,2,2,0.03142194195560249,0.6265758837291706,124.922437001685,0.005015719343681385,1969,154.3850385550477,True,False
R1,0,sell_submit,2,3,0.01245190130751183,0.7225005772708455,165.0351834330752,0.004377857873947423,1050,1047.8641622034847,True,False
R1,0,sell_submit,2,4,0.002850786376100129,0.8066427558135894,295.71883500666183,0.002727735471416346,345,787.927301778654,True,False
R1,0,sell_submit,2,5,0.001,0.8958153761473008,676.5925395796141,0.001324010129795247,48,219.01072564800447,True,False
R1,0,sell_submit,3,0,0.3736853249145444,0.12347557856096547,702.446993758504,0.0001757792113256811,9976,-14131.067333412024,True,False
R1,0,sell_submit,3,1,0.06628841961079333,0.43388834094340345,62.41909972017629,0.006951211133908005,2740,-3906.9643187748898,True,False
R1,0,sell_submit,3,2,0.021188519265494296,0.6102122543945452,88.3525163800297,0.006906563382641486,1272,-537.7772783100728,True,False
R1,0,sell_submit,3,3,0.005495621748021968,0.690871466185237,155.3463391328428,0.004447298018361704,416,166.05624432661142,True,False
R1,0,sell_submit,3,4,0.001,0.8247300823018653,225.11587230561773,0.0036635803324530144,97,198.88074984012746,True,False
R1,0,sell_submit,3,5,0.001,0.0,1.0,0.0,9,-85.56973090560723,False,True
R1,0,sell_submit,4,0,0.1495894019555875,0.1445802114991178,236.84293482332777,0.0006104476437389485,4092,-9151.116979676328,True,False
R1,0,sell_submit,4,1,0.02113006610150325,0.45305045634025815,40.651391922299894,0.011144771062358899,904,-1939.0491948681033,True,False
R1,0,sell_submit,4,2,0.007063052282726549,0.5533102868430024,92.1212207365183,0.006006328209930696,370,-514.0605862647744,True,False
R1,0,sell_submit,4,3,0.0015444543945544813,0.7399986987769452,214.67271676825146,0.0034471017552538175,139,118.7908214072406,True,False
R1,0,sell_submit,4,4,0.001,0.8691475936288412,2097.1000834357005,0.0004144521286770958,107,501.7190312359051,True,False
R1,0,sell_submit,4,5,0.001,0.8656712590916451,2839.7413888587994,0.00030484158257788766,67,314.83814345961116,True,False
R1,0,sell_submit,5,0,0.237892106908501,0.1273450324163181,456.5145243122054,0.0002789506699883839,6379,-11760.059107161454,True,False
R1,0,sell_submit,5,1,0.037233245754181674,0.46907028682672847,49.229916229276945,0.00952815529163491,1641,-2675.46239615837,True,False
R1,0,sell_submit,5,2,0.013644306273303949,0.6082499725342625,85.02396229685294,0.0071538652881245005,815,-522.8603237484258,True,False
R1,0,sell_submit,5,3,0.003743334514713565,0.7099536340696553,149.39839676064,0.004752083352053061,302,132.10213655031333,True,False
R1,0,sell_submit,5,4,0.001,0.8369288442236203,421.88764150536275,0.001983771890632596,92,242.6539573571543,True,False
R1,0,sell_submit,5,5,0.001,0.7894444879131437,501.10854510408547,0.0015753961803807754,19,32.54000533247118,True,False
R1,0,sell_submit,6,0,0.10383375659732758,0.155179142484564,199.71244316595468,0.0007770128892550529,2876,-7239.811841164402,True,False
R1,0,sell_submit,6,1,0.013636053451428128,0.4362493526363575,38.76173402565003,0.011254639752382483,566,-1440.302509156475,True,False
R1,0,sell_submit,6,2,0.0030356173665079295,0.4699011075276632,84.64815633007848,0.005551226723655063,134,-356.483140109214,True,False
R1,0,sell_submit,6,3,0.001,0.6315734815065839,90.65465333813113,0.0069668070887755704,19,-32.54509655122331,True,False
R1,0,sell_submit,6,4,0.001,0.0,1.0,0.0,0,-23.399933403768003,False,True
R1,0,sell_submit,6,5,0.001,0.0,1.0,0.0,0,-23.399933403768003,False,True
R1,0,sell_submit,7,0,0.05247395573237883,0.1531768053168482,1026.567318621572,0.00014921262594110932,1450,-4157.909064387864,False,False
R1,0,sell_submit,7,1,0.005543944550149072,0.3822471626613159,53.27635451264152,0.007174799517685009,210,-711.2240989080367,True,False
R1,0,sell_submit,7,2,0.0013693562411191283,0.46594281933684767,1256.3733292478735,0.00037086334809079705,60,-114.27991441610624,True,False
R1,0,sell_submit,7,3,0.001,0.646535171281391,95.30991518992312,0.006783503793839778,20,-31.062455578601266,True,False
R1,0,sell_submit,7,4,0.001,0.0,1.0,0.0,8,-78.6619756276251,False,True
R1,0,sell_submit,7,5,0.001,0.0,1.0,0.0,0,-23.399933403768003,False,True
R1,0,sell_submit,8,0,0.05499731081797588,0.17129713816580394,3730.768908418473,4.5914700795128926e-05,1553,-3825.653272611703,True,False
R1,0,sell_submit,8,1,0.011117565652862834,0.313589999613102,2243.2570614501387,0.00013979227124794332,379,-884.8808482814661,True,False
R1,0,sell_submit,8,2,0.0030837978496357143,0.457440667306298,1989.2709281768482,0.0002299539297673942,133,-180.1551337859886,True,False
R1,0,sell_submit,8,3,0.001,0.66653336119465,583.9613596282865,0.0011413997693596092,45,7.53774912449947,True,False
R1,0,sell_submit,8,4,0.001,0.0,1.0,0.0,3,-44.12319923771442,False,True
R1,0,sell_submit,8,5,0.001,0.0,1.0,0.0,0,-23.399933403768003,False,True
R1,0,sell_submit,9,0,0.037699359916017486,0.3081077690065915,1.250445517720142,0.246398395324208,1275,-4544.448040676757,True,False
R1,0,sell_submit,9,1,0.003392646843682257,0.2716708149474952,271.15638807531224,0.0010018971593324221,109,-461.90001916948904,True,False
R1,0,sell_submit,9,2,0.001,0.5791020177828275,137.24138553167526,0.004219587375479906,24,-49.47997252161075,True,False
R1,0,sell_submit,9,3,0.001,0.7141888519126275,181.23811757647195,0.003940610625749196,14,-2.113430369389336,True,False
R1,0,sell_submit,9,4,0.001,0.0,1.0,0.0,3,-44.12319923771442,False,True
R1,0,sell_submit,9,5,0.001,0.0,1.0,0.0,0,-23.399933403768003,False,True
R1,0,sell_submit,10,0,0.2519842898342819,0.09839454853477601,2633.6946786074013,3.7359891916857786e-05,6540,-11676.643976167508,True,False
R1,0,sell_submit,10,1,0.04243721527769934,0.3470805384282562,8425.668422743072,4.11932348882132e-05,1521,-887.6334386425672,True,False
R1,0,sell_submit,10,2,0.032286458836495356,0.4846105017930799,8433.456311035612,5.7462857922076635e-05,1466,1407.1840000844481,True,False
R1,0,sell_submit,10,3,0.016608333465633177,0.6811824919669628,570.1924239599206,0.0011946537052110041,1219,1852.3716078895286,True,False
R1,0,sell_submit,10,4,0.004031918236694245,0.771556408449052,457.4599389440557,0.0016866097832085975,413,926.1746494726419,True,False
R1,0,sell_submit,10,5,0.001,0.983821674029769,808.0141157942171,0.001217579810549159,679,5105.100952123581,True,False
R1,1,buy_submit,1,0,0.46672693043530966,0.521672334691804,0.5221945292210249,0.999,23121,-21614.821564429898,True,False
R1,1,buy_submit,1,1,0.16645329163488728,0.4207323015603123,65.77580451106637,0.006396459985366302,6724,-6253.337584162541,True,False
R1,1,buy_submit,1,2,0.07241363724265115,0.5339719735413015,458.3623437819194,0.001164956023951557,3636,1335.2080133502004,True,False
R1,1,buy_submit,1,3,0.03932974043457162,0.7481351473987006,308.24718268972873,0.0024270624012539582,3654,7510.781598107401,True,False
R1,1,buy_submit,1,4,0.01730403866302374,0.8574750519842921,197.0163755742568,0.0043523034543953626,2841,8240.140176869547,True,False
R1,1,buy_submit,1,5,0.0015712847372928427,0.8033779384011592,269.62951338099526,0.0029795623198932237,187,385.0296789825668,True,False
R1,1,buy_submit,2,0,0.3332055173252696,0.41823143456889345,2.2642796388131674,0.18470838468878842,13402,-18459.187682273372,True,False
R1,1,buy_submit,2,1,0.0919472870615211,0.42670883024481926,67.42430453341206,0.0063287094052763134,3753,-4685.2449812408295,True,False
R1,1,buy_submit,2,2,0.03144078165317982,0.6334267181416202,86.89291010561307,0.007289739949688972,2007,-132.36323584378238,True,False
R1,1,buy_submit,2,3,0.010983550251239016,0.7280264391685632,147.3106819315214,0.004942115735415524,945,900.9725603698805,True,False
R1,1,buy_submit,2,4,0.002315944896729129,0.8217304993154514,333.23613520860533,0.0024659105435881055,304,775.2846996247877,True,False
R1,1,buy_submit,2,5,0.001,0.886536811889236,238.79175643499428,0.00371259387310791,53,168.33075809491623,True,False
R1,1,buy_submit,3,0,0.37871355625661035,0.11407570053405472,402.1324957350502,0.0002836769018766761,10003,-15148.002915549514,True,False
R1,1,buy_submit,3,1,0.05296015877484901,0.446509665215638,48.48461654012934,0.009209305901101118,2239,-3535.703313245319,True,False
R1,1,buy_submit,3,2,0.016446432782009517,0.6292429765410475,76.52423771903509,0.008222793134527702,1038,-441.9481154036944,True,False
R1,1,buy_submit,3,3,0.004624316933273387,0.681739129757511,137.67433464022636,0.004951824401687119,340,50.901083856696516,True,False
R1,1,buy_submit,3,4,0.001,0.8429919461128095,170.5967406461641,0.0049414305508993575,110,232.41172822190424,True,False
R1,1,buy_submit,3,5,0.001,0.0,1.0,0.0,1,-30.30768868175014,False,True
R1,1,buy_submit,4,0,0.1558718553304227,0.13732390487195686,197.64768579063235,0.0006947913623305648,4228,-9567.963893247226,True,False
R1,1,buy_submit,4,1,0.017947813140189152,0.4495706081190948,46.96332495999528,0.009572801936448324,763,-1679.629041712303,True,False
R1,1,buy_submit,4,2,0.005476588429083798,0.5641086482565316,119.62396012503473,0.004715682775147283,294,-367.90314559574443,True,False
R1,1,buy_submit,4,3,0.0018792661000645921,0.6668476176411016,3823.7183656464717,0.00017439768149042493,132,249.75334760912617,True,False
R1,1,buy_submit,4,4,0.001,0.870918947480591,3232.649003370986,0.0002694133964350606,170,869.2224209154688,True,False
R1,1,buy_submit,4,5,0.001,0.8631567321747771,4596.891139859644,0.0001877696699602792,95,491.3097956478809,True,False
R1,1,buy_submit,5,0,0.20262194780267923,0.1336910448599671,1374.998838358651,9.722993295002005e-05,5473,-9894.204480646611,True,False
R1,1,buy_submit,5,1,0.040751437420626827,0.36932204587422846,264.14559883895356,0.001398176034344603,1512,-2509.117538396773,True,False
R1,1,buy_submit,5,2,0.013589936533840523,0.5826717693345715,107.81728034091292,0.005404252152272735,762,-558.7107791953083,True,False
R1,1,buy_submit,5,3,0.0031812917053064,0.6998296320982278,136.9746416287481,0.005109191188797009,248,52.377227281005275,True,False
R1,1,buy_submit,5,4,0.001,0.6874844309805535,3312.5055735596566,0.00020754212052291726,16,23.491742803559006,True,False
R1,1,buy_submit,5,5,0.001,0.0,1.0,0.0,0,-23.399933403768003,False,True
R1,1,buy_submit,6,0,0.062053574958803245,0.16163271096643816,395.5335425930236,0.00040864476349290795,1732,-4862.386613704808,True,False
R1,1,buy_submit,6,1,0.009148244641733196,0.4366624696765045,42.10485653853128,0.01037083380813572,380,-1036.508406814402,True,False
R1,1,buy_submit,6,2,0.001753720157179129,0.5172118887090998,46.82679920616254,0.011045211235386623,85,-234.93783292256575,True,False
R1,1,buy_submit,6,3,0.001,0.0,1.0,0.0,9,-85.56973090560723,False,True
R1,1,buy_submit,6,4,0.001,0.0,1.0,0.0,0,-23.399933403768003,False,True
R1,1,buy_submit,6,5,0.001,0.0,1.0,0.0,0,-23.399933403768003,False,True
R1,1,buy_submit,7,0,0.06032470394104779,0.10884017831936768,432.7255800316826,0.00025152240436398236,1584,-5039.75487039268,True,False
R1,1,buy_submit,7,1,0.0043177783955481615,0.31732552986949486,38.69722918241483,0.008200213208383845,148,-621.1278721258851,True,False
R1,1,buy_submit,7,2,0.001,0.35995907559084733,127.7248900223583,0.002818237506627223,25,-114.78736731770981,True,False
R1,1,buy_submit,7,3,0.001,0.0,1.0,0.0,0,-23.399933403768003,False,True
R1,1,buy_submit,7,4,0.001,0.0,1.0,0.0,0,-23.399933403768003,False,True
R1,1,buy_submit,7,5,0.001,0.0,1.0,0.0,0,-23.399933403768003,False,True
R1,1,buy_submit,8,0,0.08830473011112351,0.11542132704133533,4553.677852454206,2.5346836289512437e-05,2336,-5890.1875867013505,True,False
R1,1,buy_submit,8,1,0.009641073997290134,0.39839816772065395,34.1504399973778,0.011665974662441961,375,-1150.8463898174023,True,False
R1,1,buy_submit,8,2,0.001624522259634473,0.3966058876904811,71.81450335764464,0.005522643326172394,63,-242.79781086464294,True,False
R1,1,buy_submit,8,3,0.001,0.0,1.0,0.0,3,-44.12319923771442,False,True
R1,1,buy_submit,8,4,0.001,0.0,1.0,0.0,0,-23.399933403768003,False,True
R1,1,buy_submit,8,5,0.001,0.0,1.0,0.0,0,-23.399933403768003,False,True
R1,1,buy_submit,9,0,0.025820434817037063,0.25500377179307554,3.7103466476467943,0.06872774864709907,811,-3113.8464462400143,True,False
R1,1,buy_submit,9,1,0.0022265948021971214,0.3487217711975058,19.511091248878962,0.017873001912055642,80,-366.20666084783915,True,False
R1,1,buy_submit,9,2,0.001,0.0,1.0,0.0,8,-78.6619756276251,False,True
R1,1,buy_submit,9,3,0.001,0.0,1.0,0.0,0,-23.399933403768003,False,True
R1,1,buy_submit,9,4,0.001,0.0,1.0,0.0,0,-23.399933403768003,False,True
R1,1,buy_submit,9,5,0.001,0.0,1.0,0.0,0,-23.399933403768003,False,True
R1,1,buy_submit,10,0,0.3132384504546749,0.09239378777682579,1503.7645353552973,6.144165898618944e-05,8076,-13560.618370789289,True,False
R1,1,buy_submit,10,1,0.04922666857555266,0.27638386424528905,12154.351206235104,2.2739499587892926e-05,1592,-1858.7650656681653,False,False
R1,1,buy_submit,10,2,0.029007847681488227,0.47981120764085466,9898.123093415179,4.847496875039407e-05,1305,1212.038965608019,True,False
R1,1,buy_submit,10,3,0.01382776653031413,0.7015027284256611,465.8632659861685,0.0015058124983103704,1084,1681.9036567475807,True,False
R1,1,buy_submit,10,4,0.003900026177142077,0.7520085369437326,250.6547604644555,0.0030001765597839998,368,541.9829489516496,True,False
R1,1,buy_submit,10,5,0.001,0.0,1.0,0.0,9,-85.56973090560723,False,True
R1,2,sell_cancel,1,0,0.40464346124927053,0.44586234155006893,1.7151543006852858,0.2599546532763412,17087,-20087.816183466748,True,False
R1,2,sell_cancel,1,1,0.12941225436578407,0.5016884767374064,34.72759770300536,0.014446391628580453,6077,-5393.201516556448,True,False
R1,2,sell_cancel,1,2,0.05312244956467654,0.7028302732018852,48.47687210989617,0.014498259533094091,4183,1339.50258819568,True,False
R1,2,sell_cancel,1,3,0.024723333360025326,0.7812756420000139,92.0448756053495,0.008487986287795117,2645,3637.2178479449194,True,False
R1,2,sell_cancel,1,4,0.004895931511600123,0.827981546245897,176.55804809513788,0.004689571249676147,666,1489.0745868154602,True,False
R1,2,sell_cancel,1,5,0.001,0.8275125703848684,14713.033944115323,5.6243503109421105e-05,58,356.71519313761337,True,False
R1,2,sell_cancel,2,0,0.44498174719780653,0.1200464004208466,853.4136688939645,0.0001406661327283735,11833,-14890.191376861601,True,False
R1,2,sell_cancel,2,1,0.08450945679185391,0.4534230551183899,43.248889915752734,0.01048403915110056,3618,-4740.443745255599,True,False
R1,2,sell_cancel,2,2,0.025996948122364402,0.6130235687966755,74.62985079274657,0.008214187249269653,1572,-629.7044718284587,True,False
R1,2,sell_cancel,2,3,0.0069656870555575914,0.7218486401314438,166.47396750291958,0.004336105223892043,586,481.68137653481915,True,False
R1,2,sell_cancel,2,4,0.0016634982164640778,0.849122871794676,345.475875793755,0.002457835499638743,258,750.6876747305804,True,False
R1,2,sell_cancel,2,5,0.001,0.9130312886917397,403.9224331764293,0.0022604124299601272,46,184.4269862301848,True,False
R1,2,sell_cancel,3,0,0.3575137054747617,0.1254628917654605,543.9319594644365,0.0002306591653283126,9566,-14104.73141906456,True,False
R1,2,sell_cancel,3,1,0.05766620032415557,0.4653782475621831,37.16135186890161,0.012523178629344585,2524,-3846.933960758946,True,False
R1,2,sell_cancel,3,2,0.017049592878500275,0.601040526838471,71.87822934513991,0.008361927280546048,1000,-698.8977991508178,True,False
R1,2,sell_cancel,3,3,0.0033467259643975788,0.7110205589733305,121.05657721124027,0.005873456654342869,271,77.83228937064177,True,False
R1,2,sell_cancel,3,4,0.001,0.8477968610937635,197.57374906478373,0.004291040004589749,92,215.42130642650665,True,False
R1,2,sell_cancel,3,5,0.001,0.0,1.0,0.0,1,-30.30768868175014,False,True
R1,2,sell_cancel,4,0,0.13287457263472702,0.24969677682947108,16.588131243708133,0.015052736993757563,4144,-9465.832842515832,True,False
R1,2,sell_cancel,4,1,0.017746098224774267,0.46140374676853096,28.120366804144304,0.01640816956557375,771,-1792.863749722418,True,False
R1,2,sell_cancel,4,2,0.00437154924766797,0.5755433869109363,75.87598124818702,0.007585317216898441,241,-358.1507113423563,True,False
R1,2,sell_cancel,4,3,0.001327989277380848,0.686109028591407,1758.406573645351,0.00039018793427792695,99,152.1692221869435,False,False
R1,2,sell_cancel,4,4,0.001,0.8726999161394691,1625.4323013729381,0.0005369032689963981,110,502.3867992585343,True,False
R1,2,sell_cancel,4,5,0.001,0.8714266458557521,2775.5612251825587,0.00031396412298504973,70,335.6552967780519,True,False
R1,2,sell_cancel,5,0,0.23011536101869617,0.14555723635119014,240.61838883351115,0.0006049298104639218,6302,-11689.229155676232,True,False
R1,2,sell_cancel,5,1,0.03608614621167744,0.4325174756037154,43.451933143724894,0.009953929418354943,1488,-2897.7793965787455,True,False
R1,2,sell_cancel,5,2,0.009247647894377358,0.5547441904708941,88.61530845910775,0.006260139473834651,486,-615.2219794188347,True,False
R1,2,sell_cancel,5,3,0.0018364774072247413,0.6885980040788194,219.03354207245994,0.003143801618525713,138,32.876807890560514,True,False
R1,2,sell_cancel,5,4,0.001,0.871114750484828,389.44980052864446,0.002236783147153664,87,273.32068832640795,True,False
R1,2,sell_cancel,5,5,0.001,0.7499838400986067,429.25174646238185,0.001747188791378238,16,14.652983529485892,True,False
R1,2,sell_cancel,6,0,0.1005874281824169,0.17354660873523786,142.58454823811002,0.0012171487785999262,2848,-7098.272444333958,True,False
R1,2,sell_cancel,6,1,0.013158224266573586,0.35178582243281503,42.52347674065285,0.008272743655894543,475,-1498.6256470405935,True,False
R1,2,sell_cancel,6,2,0.0014959565655362963,0.5453838667849061,82.01621079009044,0.006649708167824815,77,-172.37114711737564,True,False
R1,2,sell_cancel,6,3,0.001,0.6666547772872371,189.52347409120517,0.003517531432367159,18,-17.121565151452913,True,False
R1,2,sell_cancel,6,4,0.001,0.0,1.0,0.0,0,-23.399933403768003,False,True
R1,2,sell_cancel,6,5,0.001,0.0,1.0,0.0,0,-23.399933403768003,False,True
R1,2,sell_cancel,7,0,0.050501870238304436,0.09996872567194552,142.77218362894374,0.000700197497376367,1313,-4606.427971140767,True,False
R1,2,sell_cancel,7,1,0.002238797135615572,0.3688222918650515,48.818148896573916,0.007555024108891102,83,-341.33078776648955,True,False
R1,2,sell_cancel,7,2,0.001,0.5806216642447422,240.73484911884708,0.002411872092345459,31,-50.83493749316823,True,False
R1,2,sell_cancel,7,3,0.001,0.6923010512135935,1639.0633840748146,0.0004223760093355814,13,12.160331999884047,True,False
R1,2,sell_cancel,7,4,0.001,0.9166506398039287,654.6124595842286,0.0014002951309330888,12,48.06132324217903,True,False
R1,2,sell_cancel,7,5,0.001,0.0,1.0,0.0,1,-30.30768868175014,False,True
R1,2,sell_cancel,8,0,0.0565350673160218,0.1632416621207218,257.69018993622194,0.0006334803127783946,1581,-4652.6910265907545,True,False
R1,2,sell_cancel,8,1,0.006172499423877461,0.3853776877844445,72.56830509418397,0.005310551035803795,235,-748.1636583122165,False,False
R1,2,sell_cancel,8,2,0.0018918971915247065,0.5783778313447169,199.49217903661076,0.002899250658034935,105,-134.29470467256795,True,False
R1,2,sell_cancel,8,3,0.001,0.6111041135032598,1602.983314819586,0.0003812292416605964,36,0.08763669258014772,True,False
R1,2,sell_cancel,8,4,0.001,0.8181877009076479,488.6046005446905,0.0016745394947070538,11,25.57525392432119,True,False
R1,2,sell_cancel,8,5,0.001,0.0,1.0,0.0,0,-23.399933403768003,False,True
R1,2,sell_cancel,9,0,0.0437661670168643,0.1071265460261183,62.74411473846321,0.0017073560838758303,1147,-4217.176615599784,True,False
R1,2,sell_cancel,9,1,0.0017516032663174744,0.3168763830882874,195.95165583308162,0.0016171151080152833,60,-259.82978135963805,True,False
R1,2,sell_cancel,9,2,0.001,0.5788633151369467,69.85434093467494,0.008286719298923415,19,-49.286559598579814,True,False
R1,2,sell_cancel,9,3,0.001,0.7499339556964075,121.82512936140053,0.0061558231838333595,12,0.6693706091053482,True,False
R1,2,sell_cancel,9,4,0.001,0.0,1.0,0.0,4,-51.03095451569655,False,True
R1,2,sell_cancel,9,5,0.001,0.0,1.0,0.0,0,-23.399933403768003,False,True
R1,2,sell_cancel,10,0,0.24840643700875034,0.14931894177119912,395.5033533268785,0.00037754153160817557,6833,-11633.072508268553,True,False
R1,2,sell_cancel,10,1,0.047228122360437955,0.43673019993901957,82.59064905313393,0.005287889185348976,1962,-2942.6320124674967,True,False
R1,2,sell_cancel,10,2,0.018745358439122582,0.6215352028473777,85.13712501772608,0.007300401589999312,1159,-429.53407338083684,True,False
R1,2,sell_cancel,10,3,0.006152585288074008,0.7283578860802582,123.82217469263657,0.005882289564758969,530,365.9947877105833,True,False
R1,2,sell_cancel,10,4,0.001118791138616607,0.8600016489889046,389.34047021870197,0.002208867854158138,187,596.2057129086795,True,False
R1,2,sell_cancel,10,5,0.001,0.9866372294818634,554.6420882791728,0.0017788719073646116,683,5134.9380106277495,True,False
R1,3,buy_cancel,1,0,0.39400260711732404,0.5543221788572958,0.79878913503297,0.6939530779101248,20684,-20727.801714479017,True,False
R1,3,buy_cancel,1,1,0.21184806832992106,0.32756024873614037,293.39652238931984,0.0011164421652601843,7372,-6030.1488615613325,True,False
R1,3,buy_cancel,1,2,0.0646804332790718,0.6955915352554536,52.3524728222037,0.013286698750941133,4972,1885.9060572668313,True,False
R1,3,buy_cancel,1,3,0.031395623698990134,0.7953600714855406,97.22197905818071,0.008180866910861503,3590,5820.782408818912,True,False
R1,3,buy_cancel,1,4,0.008525035654908664,0.8420541356112734,184.57976931027414,0.004562006653046579,1263,3193.891474786009,True,False
R1,3,buy_cancel,1,5,0.001,0.8522621092397532,292.7054995722072,0.0029116709815338116,88,229.03466724704052,True,False
R1,3,buy_cancel,2,0,0.47238708032362803,0.13180744433574082,655.2728424018148,0.00020114895018786112,12732,-14926.64428315477,True,False
R1,3,buy_cancel,2,1,0.09516383494212806,0.4535394049025912,46.427933629522705,0.009768675223016892,4075,-4957.723817633189,True,False
R1,3,buy_cancel,2,2,0.03153295291627719,0.6144882030433535,81.15268715125099,0.0075720006892449655,1914,-508.6507984395075,True,False
R1,3,buy_cancel,2,3,0.009190715040437851,0.7249842152647725,149.86414099849515,0.004837609653880126,782,688.8829677071261,True,False
R1,3,buy_cancel,2,4,0.002313418373058887,0.810054590973973,564.8181593221573,0.0014341865211028731,285,799.6169463540684,True,False
R1,3,buy_cancel,2,5,0.001,0.8869829542238398,256.9811829837412,0.0034515482570564625,62,206.9788589357575,True,False
R1,3,buy_cancel,3,0,0.3480427147873776,0.13008232861380659,386.5843570364862,0.00033649144422449894,9362,-14178.546899683246,True,False
R1,3,buy_cancel,3,1,0.0549026570778433,0.4560885477684893,38.04224143673588,0.01198900302777803,2362,-3773.9448694593384,True,False
R1,3,buy_cancel,3,2,0.01686086951695976,0.6006647308619147,72.72939940221258,0.008258898544453556,988,-686.921211525005,True,False
R1,3,buy_cancel,3,3,0.004133256426641114,0.6977554709477092,131.32201463626487,0.005313316833284573,320,82.2553844997667,True,False
R1,3,buy_cancel,3,4,0.001,0.8332371496510912,277.5861542259159,0.003001724462715651,90,208.42811804431267,True,False
R1,3,buy_cancel,3,5,0.001,0.0,1.0,0.0,1,-30.30768868175014,False,True
R1,3,buy_cancel,4,0,0.1428002451013116,0.21209226342651458,28.22087959211119,0.007515437735888376,4241,-9661.203168133474,True,False
R1,3,buy_cancel,4,1,0.017456270337059196,0.4568141649233254,26.391457612821636,0.01730916767179216,752,-1806.512096657258,True,False
R1,3,buy_cancel,4,2,0.0042285535565773245,0.5522712466780536,113.05014310124525,0.004885188390990814,221,-339.82672245615754,True,False
R1,3,buy_cancel,4,3,0.0016239398522178733,0.7076725873303447,3991.4404661999592,0.00017729754291038758,130,322.4384584456165,True,False
R1,3,buy_cancel,4,4,0.001,0.8703498989929337,3388.690033826797,0.0002568396313338994,162,830.053106967752,True,False
R1,3,buy_cancel,4,5,0.001,0.8686736920577003,4462.029720884293,0.0001946812877538487,99,519.4656306523536,True,False
R1,3,buy_cancel,5,0,0.20952479625599965,0.1408961548646515,1008.5904976205255,0.00013969609588535169,5707,-10106.747161642268,True,False
R1,3,buy_cancel,5,1,0.03769556300028374,0.4334784245393277,47.22498834928726,0.009179005431048878,1557,-2931.0611810690843,True,False
R1,3,buy_cancel,5,2,0.009138975615610268,0.5478828736102934,81.96157918060219,0.006684630519417331,473,-652.2378995252986,True,False
R1,3,buy_cancel,5,3,0.0014567295277182325,0.6983403584108839,208.1347517782582,0.00335523189877911,113,23.901020476536246,True,False
R1,3,buy_cancel,5,4,0.001,0.799952729307076,248.46390146094905,0.003219593367903402,10,11.086630968701401,True,False
R1,3,buy_cancel,5,5,0.001,0.0,1.0,0.0,0,-23.399933403768003,False,True
R1,3,buy_cancel,6,0,0.05387188123660141,0.22946161432681295,205.31498173292354,0.0011176077478130635,1636,-4221.815886921275,True,False
R1,3,buy_cancel,6,1,0.011026863112087445,0.4227564356805636,43.018453690096464,0.00982732756333101,447,-1213.8355470708425,True,False
R1,3,buy_cancel,6,2,0.0024038240987205,0.5233105193143072,65.30428399443414,0.008013417915414382,118,-279.5291157278343,True,False
R1,3,buy_cancel,6,3,0.001,0.0,1.0,0.0,8,-78.6619756276251,False,True
R1,3,buy_cancel,6,4,0.001,0.0,1.0,0.0,0,-23.399933403768003,False,True
R1,3,buy_cancel,6,5,0.001,0.0,1.0,0.0,0,-23.399933403768003,False,True
R1,3,buy_cancel,7,0,0.04363888550435355,0.35574318504982305,0.8079302346336046,0.44031423729445174,1585,-5383.211218397104,True,False
R1,3,buy_cancel,7,1,0.002483616887881654,0.2825118080363886,158.2338825304913,0.0017854065356827055,81,-363.7769502719267,True,False
R1,3,buy_cancel,7,2,0.001,0.33332631580704086,224.8094642602498,0.0014827058856435285,12,-61.88866018982614,True,False
R1,3,buy_cancel,7,3,0.001,0.0,1.0,0.0,0,-23.399933403768003,False,True
R1,3,buy_cancel,7,4,0.001,0.0,1.0,0.0,0,-23.399933403768003,False,True
R1,3,buy_cancel,7,5,0.001,0.0,1.0,0.0,0,-23.399933403768003,False,True
R1,3,buy_cancel,8,0,0.07849258159457437,0.24476918682223056,15.992932023116301,0.0153048350651675,2432,-6650.821256019763,True,False
R1,3,buy_cancel,8,1,0.007737508512421286,0.3533668815528127,30.7085523876435,0.011507116229125812,280,-1004.2253650191437,True,False
R1,3,buy_cancel,8,2,0.0010688618641259144,0.576077475946555,106.82882828607218,0.005392528264036583,59,-113.87975837436224,True,False
R1,3,buy_cancel,8,3,0.001,0.6999862190942606,170.45762996650384,0.004106511508061053,20,-10.301621795561363,True,False
R1,3,buy_cancel,8,4,0.001,0.0,1.0,0.0,2,-37.215443959732276,False,True
R1,3,buy_cancel,8,5,0.001,0.0,1.0,0.0,0,-23.399933403768003,False,True
R1,3,buy_cancel,9,0,0.01863873884015893,0.4186161308933625,0.5026783068469597,0.8327714269571814,749,-2928.900142718766,True,False
R1,3,buy_cancel,9,1,0.0017950978804748068,0.4877410510993511,31.67899679171848,0.015396354067211382,82,-268.08407474829164,True,False
R1,3,buy_cancel,9,2,0.001,0.41173895564645935,159.04051137588604,0.002588893559788238,17,-71.61387718708676,True,False
R1,3,buy_cancel,9,3,0.001,0.0,1.0,0.0,2,-37.215443959732276,False,True
R1,3,buy_cancel,9,4,0.001,0.0,1.0,0.0,0,-23.399933403768003,False,True
R1,3,buy_cancel,9,5,0.001,0.0,1.0,0.0,0,-23.399933403768003,False,True
R1,3,buy_cancel,10,0,0.29130746961423537,0.1429973955378155,608.6686579753759,0.00023493471146266998,7954,-12250.998922272573,True,False
R1,3,buy_cancel,10,1,0.055655842862103636,0.448393090802196,72.60019245628563,0.0061761969993700035,2361,-3278.7746415285574,True,False
R1,3,buy_cancel,10,2,0.022020011669506803,0.6227909395899021,105.16215720782093,0.005922196312112025,1366,-272.06670894141234,True,False
R1,3,buy_cancel,10,3,0.00858549778114666,0.7397664239659587,147.15083146265118,0.005027266353936445,772,754.4826035489191,True,False
R1,3,buy_cancel,10,4,0.0015221630635164792,0.7941130182612355,161.8534758929019,0.0049063698748533415,173,260.56166636232257,True,False
R1,3,buy_cancel,10,5,0.001,0.0,1.0,0.0,0,-23.399933403768003,False,True
R2,0,sell_submit,1,0,0.044892866467951625,0.3232058782058942,4928.852835520767,6.557426017604871e-05,1552,-1605.1600061101442,True,False
R2,0,sell_submit,1,1,0.025936401250966898,0.41477584474720075,3649.3747805325797,0.00011365668633427381,1037,-524.5820703307007,True,False
R2,0,sell_submit,1,2,0.016555805652166904,0.5310210647833178,1949.1678715446392,0.0002724347515345122,826,311.20262553357566,True,False
R2,0,sell_submit,1,3,0.0067636607895027,0.6675286237238504,1920.8589877376733,0.00034751568334021456,476,875.334808108486,True,False
R2,0,sell_submit,1,4,0.003009114595544943,0.7953043543598605,5513.019799026495,0.0001442592958763358,344,1567.2327303493116,True,False
R2,0,sell_submit,1,5,0.0011136767088308194,0.9820255499770195,5509.83399722812,0.00017823142230256948,1450,12701.40606570733,True,False
R2,0,sell_submit,2,0,0.035622075813980525,0.3358341742614829,7409.9188381488175,4.5322247327797e-05,1255,-1159.5968681214492,True,False
R2,0,sell_submit,2,1,0.01856480739896872,0.3855883848033671,4400.171119088927,8.763031581444603e-05,707,-677.7513579134755,True,False
R2,0,sell_submit,2,2,0.0102264116750608,0.5046073567706783,2440.201410153669,0.00020678922431198053,483,-19.4421040293509,False,False
R2,0,sell_submit,2,3,0.003877451134811114,0.7217202644880635,2536.0432199931115,0.00028458515958967916,326,840.4114627515586,True,False
R2,0,sell_submit,2,4,0.002357402747991566,0.8552207835327036,1893.1872465505442,0.00045173597333858387,381,1712.2642191839786,True,False
R2,0,sell_submit,2,5,0.001068730715178109,0.9841574047351616,5050.763046720865,0.00019485321240205708,1580,13919.651672157255,True,False
R2,0,sell_submit,3,0,0.025734369040911732,0.2788944843014297,1395.1423923921363,0.0001999039566299983,835,-1877.520594900834,True,False
R2,0,sell_submit,3,1,0.007379825006765772,0.36283539964540484,983.0215981858371,0.00036910216450484535,271,-637.2240008471917,True,False
R2,0,sell_submit,3,2,0.002786453949266922,0.5899579162348885,135.58823995928242,0.004351099449421681,159,-197.0870237536381,True,False
R2,0,sell_submit,3,3,0.0010683276180416207,0.7524991734892852,2252.485748599826,0.00033407499867959135,101,262.7150893981818,True,False
R2,0,sell_submit,3,4,0.001,0.8594903779747259,1354.237879278551,0.0006346672110756538,121,484.89842631434664,True,False
R2,0,sell_submit,3,5,0.001,0.9307633980567775,3583.241587765419,0.00025975457564311765,58,384.9231828830601,True,False
R2,0,sell_submit,4,0,0.023145526729343044,0.3012230298777276,4225.9510873290965,7.127934603429304e-05,775,-1376.2764143927677,True,False
R2,0,sell_submit,4,1,0.00962244571235981,0.43287954983364363,2907.769321700693,0.00014886997624022715,397,-385.7384938504009,True,False
R2,0,sell_submit,4,2,0.006515372352584711,0.6159887069514587,4071.56336740075,0.00015129046299105014,397,577.8188525826498,True,False
R2,0,sell_submit,4,3,0.004841977853105657,0.7487864453578442,3047.2074562708926,0.00024572873888743796,451,1427.122881299871,True,False
R2,0,sell_submit,4,4,0.001966142036261503,0.8195885427473883,1709.831119363416,0.0004793388852651879,255,971.9023047278936,True,False
R2,0,sell_submit,4,5,0.001,0.9803084410678318,3418.04050561148,0.0002868042199787965,561,4769.130919455129,True,False
R2,0,sell_submit,5,0,0.02958244861051075,0.31604740743889875,2910.3050837353403,0.00010859597133138215,1012,-1582.1984092109092,True,False
R2,0,sell_submit,5,1,0.013391562968950058,0.39974042189203174,2699.4206426667374,0.0001480837834510783,522,-619.0298961356447,True,False
R2,0,sell_submit,5,2,0.008910017979486604,0.5830282848955345,3338.069038249527,0.00017466034351442677,500,516.5954912879531,True,False
R2,0,sell_submit,5,3,0.005839896438041227,0.7283385702977145,2491.6920924693413,0.0002923068113026394,503,1394.8158990096213,True,False
R2,0,sell_submit,5,4,0.001851313947560722,0.841331372548831,541.8418390731584,0.0015527250054886146,273,878.4709148959037,True,False
R2,0,sell_submit,5,5,0.001,0.9860681484680831,3315.112413841793,0.0002974463684401446,647,5673.911781589148,True,False
R2,0,sell_submit,6,0,0.022625216546855564,0.323041354717129,1058.0285872987613,0.00030532384341512136,782,-1561.808811451684,True,False
R2,0,sell_submit,6,1,0.0066078850192659465,0.3218926232173126,386.6232802778481,0.0008325743420985498,228,-721.2541418847641,True,False
R2,0,sell_submit,6,2,0.001667213926638245,0.5893737654764766,939.268843215049,0.0006274814391363106,95,-32.338187861634296,True,False
R2,0,sell_submit,6,3,0.001,0.7629281246804653,548.1458825859665,0.0013918340881832933,93,157.40615352609206,True,False
R2,0,sell_submit,6,4,0.001,0.8703597912267856,431.52525809670226,0.0020169382322268218,108,348.3224379357892,True,False
R2,0,sell_submit,6,5,0.001,0.9852785053482888,1753.4526144843492,0.0005619076884139449,271,2305.7380820352028,True,False
R2,0,sell_submit,7,0,0.009243004724748656,0.22205850292226978,3760.4309740959993,5.905134396879928e-05,278,-936.3360764643253,True,False
R2,0,sell_submit,7,1,0.0025220172165495154,0.4485042440759726,7180.497909152506,6.246144066197609e-05,107,-118.74341757222692,True,False
R2,0,sell_submit,7,2,0.0020936134865789735,0.5505325392592318,11022.09455569965,4.994808713327044e-05,109,63.9124386675027,True,False
R2,0,sell_submit,7,3,0.001,0.7777072464056738,14116.605137757046,5.5091662536169934e-05,63,272.0470217222697,True,False
R2,0,sell_submit,7,4,0.001,0.8910168707754573,12156.703368763734,7.329428412845024e-05,101,663.8274072980819,True,False
R2,0,sell_submit,7,5,0.001,0.9748603490583759,5798.202760527356,0.0001681314692364623,398,3311.4038892500994,True,False
R2,0,sell_submit,8,0,0.02088003218508039,0.30699808174919724,6638.940812580202,4.624202721727285e-05,705,-1154.5221805615545,True,False
R2,0,sell_submit,8,1,0.005385013688738323,0.3883178080984423,9476.272596777404,4.097790604192808e-05,206,-279.64193900910425,True,False
R2,0,sell_submit,8,2,0.003006500720500033,0.625789408875998,8085.357832371537,7.739786189431347e-05,188,324.2794052599226,True,False
R2,0,sell_submit,8,3,0.001801051340193176,0.709343228337613,7786.08149378736,9.110400769676112e-05,145,440.31041943626263,True,False
R2,0,sell_submit,8,4,0.001133401821064581,0.8618365104987561,8685.79275876761,9.92237017892007e-05,192,1129.2300400868053,True,False
R2,0,sell_submit,8,5,0.001,0.9833829742726966,5926.529712786976,0.00016592897056619268,842,7350.575474989884,True,False
R2,0,sell_submit,9,0,0.005815573646597617,0.25235679830032065,3795.3970246634362,6.649022398986016e-05,182,-612.7381867259471,True,False
R2,0,sell_submit,9,1,0.0017523582561588676,0.47433288914745897,4742.458703449973,0.00010001834887932674,78,-89.63934561301707,True,False
R2,0,sell_submit,9,2,0.001502739577644078,0.5549171197371651,3515.569831322098,0.00015784556881593155,79,-12.555170232305798,True,False
R2,0,sell_submit,9,3,0.001,0.7771528908074051,1797.082380362538,0.00043245256828494677,45,121.28286723108027,True,False
R2,0,sell_submit,9,4,0.001,0.8805645093635146,5723.707144405381,0.0001538451369274229,67,380.8212724836188,True,False
R2,0,sell_submit,9,5,0.001,0.960199547112598,5455.437801159888,0.0001760077893122434,176,1374.431134093403,True,False
R2,0,sell_submit,10,0,0.03165370291226979,0.35085576493611087,8856.03142636443,3.961771904869401e-05,1141,-791.2765314049125,True,False
R2,0,sell_submit,10,1,0.017377851749763088,0.42887288629546694,11857.847305569501,3.6167853678975107e-05,712,-10.877237593546965,True,False
R2,0,sell_submit,10,2,0.013328776450425964,0.612066790428708,8930.68009360954,6.853529451432037e-05,804,1752.1273701297976,True,False
R2,0,sell_submit,10,3,0.01058885844942098,0.6765263075981348,5528.4480529378025,0.00012237183041606596,766,2140.0875309593885,True,False
R2,0,sell_submit,10,4,0.004147713020965204,0.800707629890953,3480.8864516683907,0.00023002980447902097,487,2097.95937648098,True,False
R2,0,sell_submit,10,5,0.0019800546965429225,0.9764724227265472,2576.348927877381,0.00037901404276440524,1970,16579.711581450716,True,False
R2,1,buy_submit,1,0,0.046089234178701664,0.3400419675421024,4662.377040276702,7.293317649014539e-05,1634,-1403.4379211111957,True,False
R2,1,buy_submit,1,1,0.02834009433188947,0.38828733675533894,3135.9108721045204,0.00012381963410036523,1084,-867.4845069177878,False,False
R2,1,buy_submit,1,2,0.015890756623365965,0.5208556614860556,3020.6477682251657,0.00017243177670864067,776,357.3662717698469,True,False
R2,1,buy_submit,1,3,0.006435623007517758,0.6178089133634389,3757.215720395401,0.00016443264356895166,394,617.5866298705989,True,False
R2,1,buy_submit,1,4,0.0020408916899239114,0.7647289886034548,7687.591941922583,9.947575188443268e-05,203,868.733862800663,True,False
R2,1,buy_submit,1,5,0.001,0.9841188655045947,5012.976382518692,0.00019631428325424098,946,8331.234411327423,True,False
R2,1,buy_submit,2,0,0.035549893279496154,0.41751747988963134,39.91377843352716,0.01046048498227171,1428,-3037.18021964366,True,False
R2,1,buy_submit,2,1,0.020426744987670026,0.4033011449461862,5546.858432528265,7.27080292118364e-05,801,-481.4621559626977,True,False
R2,1,buy_submit,2,2,0.012210978980162197,0.5716664762228196,4681.177426332338,0.00012212023261650123,667,814.6198557046612,True,False
R2,1,buy_submit,2,3,0.007932617448611531,0.7411092302750899,5103.878757727919,0.00014520510095443717,717,2586.715998678658,True,False
R2,1,buy_submit,2,4,0.005842192097939239,0.8467409383088881,3603.8993910058657,0.0002349513253400114,892,4558.418407957523,True,False
R2,1,buy_submit,2,5,0.002951939260732687,0.9802538057307123,4239.080387873409,0.000231242089330245,3498,30175.16587848736,True,False
R2,1,buy_submit,3,0,0.026625067903891755,0.36302160812920975,33.51759122610417,0.01083077855089065,978,-2653.4538350268613,True,False
R2,1,buy_submit,3,1,0.007397304323506336,0.35417095509460644,2412.110485505006,0.00014683032026223966,268,-569.8630252604082,True,False
R2,1,buy_submit,3,2,0.003337090332219946,0.5324529733157235,2056.9362169355973,0.00025885730871566184,167,-59.07113561809591,True,False
R2,1,buy_submit,3,3,0.0015272043074714946,0.7585612927807538,2213.707857542818,0.00034266549228530326,148,412.51744805100833,True,False
R2,1,buy_submit,3,4,0.0012075071429956683,0.882758597231814,1821.704136343081,0.0004845784667338343,241,1151.8618274567614,True,False
R2,1,buy_submit,3,5,0.001,0.9889439145032711,2613.3546579465556,0.0003784193283893332,1563,13774.568317070472,True,False
R2,1,buy_submit,4,0,0.02392177334086715,0.30640584535162796,3886.3511569917287,7.884152331432774e-05,807,-1388.4248794806203,True,False
R2,1,buy_submit,4,1,0.00957877485878776,0.4178217268571673,5201.759571469731,8.032315240958241e-05,385,-349.6023846731953,True,False
R2,1,buy_submit,4,2,0.006266830187659174,0.6025968365251001,7128.455244492482,8.45340001244551e-05,369,591.9055645673303,True,False
R2,1,buy_submit,4,3,0.004701805706811498,0.7361573872047733,5253.278035126129,0.00014013295741867172,417,1414.9051638395492,True,False
R2,1,buy_submit,4,4,0.0015419321179640708,0.833729246884411,2777.977817104033,0.000300120915923494,217,963.8770366575869,True,False
R2,1,buy_submit,4,5,0.001,0.9845399561363514,3917.7240057438785,0.0002513040619229153,842,7337.535505889573,True,False
R2,1,buy_submit,5,0,0.029772238987733818,0.30128635863963765,3327.8798575015812,9.053402512728617e-05,997,-1666.146756888538,True,False
R2,1,buy_submit,5,1,0.011157476204103742,0.4146600761694189,3910.5531676383166,0.00010603616889828473,446,-436.9666190166606,True,False
R2,1,buy_submit,5,2,0.007695296915004022,0.589849564409753,4238.853372582866,0.00013915309461396614,439,521.8380908644624,True,False
R2,1,buy_submit,5,3,0.005176495772414651,0.7411971514721037,2742.035150615544,0.00027030913564536787,468,1402.4399972490023,True,False
R2,1,buy_submit,5,4,0.0026954699494077927,0.8399290038319583,2487.3549708192863,0.0003376795888346013,394,1764.9701513973398,False,False
R2,1,buy_submit,5,5,0.001206414740364846,0.9516555256515968,2835.8927911478722,0.00033557528289579637,584,4361.633286862891,True,False
R2,1,buy_submit,6,0,0.021759557083515863,0.3301051677218586,2060.305432665574,0.00016022147128679675,760,-1320.2339360298251,True,False
R2,1,buy_submit,6,1,0.006865344851917083,0.2954667730937774,4210.89647083594,7.016719008413945e-05,228,-614.6161409996728,True,False
R2,1,buy_submit,6,2,0.002436129443596853,0.558041330905505,19803.43605976245,2.8179015460824982e-05,129,143.76471831937917,True,False
R2,1,buy_submit,6,3,0.0013567954955647926,0.7239419468064864,2284.291925851944,0.000316921816609095,115,265.06031253103976,True,False
R2,1,buy_submit,6,4,0.001,0.8807132634040338,16278.815190431289,5.4101803669453675e-05,151,1001.6838809346804,True,False
R2,1,buy_submit,6,5,0.001,0.9847727243635743,5457.305578060741,0.00018045035416791052,921,8155.824713489923,True,False
R2,1,buy_submit,7,0,0.008115840229127518,0.4605345990004139,1.9808350917698376,0.2324951738354631,352,-1340.69535957879,True,False
R2,1,buy_submit,7,1,0.002311103327316602,0.41217900212266945,10832.218473728992,3.805120835794746e-05,92,-134.94078594651538,True,False
R2,1,buy_submit,7,2,0.0017100904571283584,0.6077271856320132,5318.911518158731,0.00011425781074891664,102,98.84654676694745,True,False
R2,1,buy_submit,7,3,0.001,0.7367647698077129,15389.787966498652,4.787361407522595e-05,76,278.416709675073,True,False
R2,1,buy_submit,7,4,0.001,0.8799455274665229,12483.871925125015,7.0486587233849e-05,100,639.9049677548778,True,False
R2,1,buy_submit,7,5,0.001,0.988575050020285,5247.548962787762,0.00018838796112825675,613,5464.220315296462,True,False
R2,1,buy_submit,8,0,0.02400597308420564,0.2952151221915868,7463.494069494945,3.9554546361629795e-05,797,-1290.2655933908945,True,False
R2,1,buy_submit,8,1,0.006715228294961972,0.35862521011237897,13075.233342108848,2.742782486010593e-05,245,-363.8619505479867,True,False
R2,1,buy_submit,8,2,0.0038545285122509334,0.5765469040237472,6889.6404915908915,8.368316238379172e-05,213,218.4693560056935,True,False
R2,1,buy_submit,8,3,0.0019661783220787845,0.6760151073342457,3189.836387238973,0.00021192783116985638,142,271.69954407655183,True,False
R2,1,buy_submit,8,4,0.001,0.8420443027020799,6979.6499225109455,0.00012064277034673287,146,789.0222233625691,True,False
R2,1,buy_submit,8,5,0.001,0.9739948527013947,4863.175990754144,0.0002002795816053441,576,4916.777828047306,True,False
R2,1,buy_submit,9,0,0.00661380894278209,0.2559898767635395,6039.436479276122,4.238638449828056e-05,208,-645.8647265179718,True,False
R2,1,buy_submit,9,1,0.0020604598173504796,0.4759364831865104,8234.434902176808,5.779831753368947e-05,92,-69.06138340671151,True,False
R2,1,buy_submit,9,2,0.001838980732603442,0.6157970456135653,5020.500969430157,0.00012265649371709218,112,119.90510287546527,True,False
R2,1,buy_submit,9,3,0.001,0.7210330840275546,10465.276338806141,6.889766315619418e-05,82,276.20817665602544,True,False
R2,1,buy_submit,9,4,0.001,0.8854480955832923,9657.394735895274,9.168602089880385e-05,131,817.6604652343107,True,False
R2,1,buy_submit,9,5,0.001,0.9728578983967852,6729.723367673196,0.00014456135048135732,332,2803.336323501017,True,False
R2,1,buy_submit,10,0,0.03113973744486931,0.35171932145582424,12363.963103360078,2.844713450820956e-05,1124,-691.4419765422176,True,False
R2,1,buy_submit,10,1,0.019028563094584238,0.43277674902777064,11749.7747246558,3.683276991852697e-05,785,51.46780167518091,False,False
R2,1,buy_submit,10,2,0.015463466090375542,0.6001589479371999,16156.674649758497,3.7146192576587584e-05,905,2200.2615943202145,True,False
R2,1,buy_submit,10,3,0.012994973518849012,0.7240341301455102,11289.761397514381,6.413192490542074e-05,1102,4493.2970575321415,True,False
R2,1,buy_submit,10,4,0.007952465939753451,0.8719724645908796,11626.895548488494,7.499615533264482e-05,1454,9580.813615995594,True,False
R2,1,buy_submit,10,5,0.0062432349847055075,0.9824406167102582,5491.647926790659,0.00017889723263530486,8333,73367.60801640445,True,False
R2,2,sell_cancel,1,0,0.04935233497819709,0.3359650702143828,3094.724863978253,0.00010856056191777302,1739,-1731.2374766296164,True,False
R2,2,sell_cancel,1,1,0.026044043025663603,0.3565255228178161,2135.215786725275,0.00016697400095781888,947,-1260.801674352058,True,False
R2,2,sell_cancel,1,2,0.010944991602009319,0.5017727001699867,490.01401029865457,0.0010239966401453815,514,-436.5524985449656,True,False
R2,2,sell_cancel,1,3,0.003608726598161193,0.7108317978983717,763.4628750857843,0.0009310626896147389,292,454.74349567719605,True,False
R2,2,sell_cancel,1,4,0.0016664270417163208,0.8414432634956159,11664.406426613787,7.213768388383304e-05,246,1441.3461609904828,True,False
R2,2,sell_cancel,1,5,0.001,0.9831262124939135,5523.6708480008065,0.000177984213677348,1365,11999.930132763355,True,False
R2,2,sell_cancel,2,0,0.03655740588616691,0.31623510594023274,3982.7162093643938,7.940186779984032e-05,1251,-1648.4013744841182,True,False
R2,2,sell_cancel,2,1,0.01571291012031453,0.3583849924794185,2350.43271079879,0.00015247617633674866,573,-912.0545748667864,True,False
R2,2,sell_cancel,2,2,0.007385952898817351,0.47472884636420615,2729.5034507623845,0.0001739249848655104,329,-174.468692615431,True,False
R2,2,sell_cancel,2,3,0.00279805336700632,0.7510619720925232,1751.9903198189938,0.00042869070884485186,263,693.6720001186577,True,False
R2,2,sell_cancel,2,4,0.0017466155989936693,0.8746316760899608,1980.99269722473,0.0004415118123934911,326,1563.3816299297787,True,False
R2,2,sell_cancel,2,5,0.001,0.9868947816070531,5109.615068016708,0.00019314464367080304,1528,13559.161017273367,True,False
R2,2,sell_cancel,3,0,0.02949022806678224,0.26517261632951816,1322.67312396795,0.00020048235011687105,939,-2154.24101377129,True,False
R2,2,sell_cancel,3,1,0.007190173033042921,0.3376637130241774,840.344665296675,0.0004018157393847068,254,-682.8916100326662,True,False
R2,2,sell_cancel,3,2,0.002310595908417181,0.6245645242640536,127.22170299096541,0.004909260838210968,144,-139.99991328663575,True,False
R2,2,sell_cancel,3,3,0.001,0.7692208683521438,2381.878641293707,0.0003229471287984449,91,261.22313051884146,True,False
R2,2,sell_cancel,3,4,0.001,0.8684105318542067,1114.1334626682617,0.0007794492858821707,114,449.2244092396546,True,False
R2,2,sell_cancel,3,5,0.001,0.9199828054138911,2693.72531436474,0.00034152806914199054,50,297.8346550766387,True,False
R2,2,sell_cancel,4,0,0.022877090995591466,0.29937135274694865,2496.5060747602174,0.0001199161322992985,764,-1496.8873844986008,True,False
R2,2,sell_cancel,4,1,0.009056173192123478,0.41302728976350345,4863.096381348959,8.493092823484924e-05,361,-371.8774628896971,True,False
R2,2,sell_cancel,4,2,0.006000089125124175,0.6184969706640429,3137.8071081569497,0.00019711121472579262,368,476.22320442019475,True,False
R2,2,sell_cancel,4,3,0.004664015222727672,0.7432215041273068,3240.260777207162,0.00022937089179837634,425,1317.8974020190276,False,False
R2,2,sell_cancel,4,4,0.0013678286895373022,0.8497385611615227,1471.890802410436,0.0005773108710034412,213,863.7309139469855,True,False
R2,2,sell_cancel,4,5,0.001,0.9797661603392904,3420.49159171684,0.000286440160447089,545,4615.691377757956,True,False
R2,2,sell_cancel,5,0,0.02946682848195258,0.30637757501935575,2240.2932703551583,0.00013675779821933093,994,-1734.6628735101826,True,False
R2,2,sell_cancel,5,1,0.011562464254368639,0.41186969776044513,3101.5563678051994,0.0001327945227872491,460,-496.21499892550173,True,False
R2,2,sell_cancel,5,2,0.007296593577465732,0.5925447640128633,3735.7605989842373,0.000158614222810203,419,477.47972604016024,True,False
R2,2,sell_cancel,5,3,0.005389464141336831,0.7210135755460078,2243.305408316767,0.00032140678343347385,452,1157.2396047352715,True,False
R2,2,sell_cancel,5,4,0.0013428431456172726,0.8627971018127569,487.4625131655528,0.0017699763130703187,229,766.5061772262401,True,False
R2,2,sell_cancel,5,5,0.001,0.9888573426608069,3742.7299800582955,0.0002642075030604812,629,5576.917096189623,True,False
R2,2,sell_cancel,6,0,0.015805739515278503,0.2734431301773199,406.45241084803155,0.0006727555868270087,509,-1523.0785035435895,True,False
R2,2,sell_cancel,6,1,0.003454260245232127,0.3482115817103644,114.1769819914167,0.0030497528979750175,124,-462.80499410180676,True,False
R2,2,sell_cancel,6,2,0.0012822006304417308,0.6385431906438314,1104.792902805997,0.0005779754640186717,83,25.364998196783134,True,False
R2,2,sell_cancel,6,3,0.001,0.764699686728426,725.6787163393607,0.001053771689193124,85,160.84220481992492,True,False
R2,2,sell_cancel,6,4,0.001,0.881809132472109,385.28078580564295,0.0022887441184698543,110,367.029824396071,True,False
R2,2,sell_cancel,6,5,0.001,0.985102174441489,1639.9800299249296,0.0006006793719839273,268,2279.4150602347127,True,False
R2,2,sell_cancel,7,0,0.006084577813795878,0.2736133573073022,6868.865439051782,3.983385025301549e-05,196,-570.7989088056368,True,False
R2,2,sell_cancel,7,1,0.002094220984707885,0.46147318988741765,13087.881402700616,3.525957912425727e-05,91,-70.61457259575725,True,False
R2,2,sell_cancel,7,2,0.0017952719217101873,0.5713402542933035,6842.404465535019,8.349992421101774e-05,98,53.72335749955137,False,False
R2,2,sell_cancel,7,3,0.001,0.7658361515120963,8746.315449841104,8.756100279072479e-05,60,225.5533691823813,True,False
R2,2,sell_cancel,7,4,0.001,0.8989890775966134,12324.911285988337,7.294081529159853e-05,99,663.3036270069825,True,False
R2,2,sell_cancel,7,5,0.001,0.9762260617242504,5952.900519800934,0.00016399166397574802,379,3163.758681740898,True,False
R2,2,sell_cancel,8,0,0.012454322826780143,0.2371715578798378,5256.266274193378,4.512167867984084e-05,382,-1102.7346054178006,True,False
R2,2,sell_cancel,8,1,0.0030789270093141666,0.44152106630495,6325.994178329589,6.979473168303419e-05,129,-150.40356838648316,True,False
R2,2,sell_cancel,8,2,0.002689200842648401,0.5406640801861796,11933.128711619094,4.530782272211174e-05,137,85.8221647545488,True,False
R2,2,sell_cancel,8,3,0.0011953959472555235,0.7725510597877913,11111.926194453643,6.952449523768426e-05,123,521.3982051501104,True,False
R2,2,sell_cancel,8,4,0.001,0.8665324807644097,11888.065297680201,7.289095904726416e-05,159,985.3492320920346,True,False
R2,2,sell_cancel,8,5,0.001,0.9813498554262745,5933.952542821703,0.00016537878392934108,805,7004.437476489124,True,False
R2,2,sell_cancel,9,0,0.004402365686891324,0.2944651719657092,4107.601872500047,7.168785610336822e-05,146,-442.64446392873174,True,False
R2,2,sell_cancel,9,1,0.001667054764909859,0.46565416216321315,6184.465215580329,7.529416787568071e-05,73,-85.66978702158916,True,False
R2,2,sell_cancel,9,2,0.001542923993479676,0.5186030997259449,10224.962218478848,5.071931696615077e-05,75,-8.459768676438173,False,False
R2,2,sell_cancel,9,3,0.001,0.769203488056175,2049.090528222184,0.000375387752498932,44,118.88139071385486,True,False
R2,2,sell_cancel,9,4,0.001,0.878764130179195,5752.533522739858,0.0001527612358459844,66,372.20961756252893,True,False
R2,2,sell_cancel,9,5,0.001,0.9583307026327621,5438.1908474674165,0.0001762223374486866,168,1300.8634459885216,True,False
R2,2,sell_cancel,10,0,0.025660729985399484,0.32232215222197913,4971.244937746395,6.483731062507188e-05,886,-1256.9132947984874,True,False
R2,2,sell_cancel,10,1,0.012791171409746296,0.4255267405646013,12422.74054426946,3.425385397434662e-05,521,-143.2299990809712,True,False
R2,2,sell_cancel,10,2,0.011119899867700353,0.5692374978013222,4476.791099822799,0.00012715301766567884,604,665.4497661103271,True,False
R2,2,sell_cancel,10,3,0.004635025620782647,0.6927773916263834,1738.0993575684581,0.00039858330803111016,353,711.6640815831823,True,False
R2,2,sell_cancel,10,4,0.0026074303711675494,0.83816782910929,2022.8037830001274,0.0004143594332546476,377,1661.9058296414826,True,False
R2,2,sell_cancel,10,5,0.002087776348224027,0.9739241053884047,2057.9083491166552,0.00047325922255306253,1874,15632.131796257268,False,False
R2,3,buy_cancel,1,0,0.051748096279176696,0.3228207436218018,2460.8065510809474,0.00013118493344387342,1788,-2086.265216356016,True,False
R2,3,buy_cancel,1,1,0.027475175048395164,0.32895915122055697,2033.5954562702616,0.0001617623358698333,958,-1521.8633649222606,True,False
R2,3,buy_cancel,1,2,0.01017270342110338,0.552598192734129,197.27602892024828,0.0028011421142176626,532,-445.23556464945375,True,False
R2,3,buy_cancel,1,3,0.003518232964967018,0.6796937044660415,637.493366608983,0.0010661972972072394,257,269.28372424877523,True,False
R2,3,buy_cancel,1,4,0.001462422404241727,0.7925747861660064,9421.643525216587,8.412277370128866e-05,165,794.1368208210139,True,False
R2,3,buy_cancel,1,5,0.001,0.9857343864633447,4717.807608452664,0.00020893908108869316,907,8024.975438041738,True,False
R2,3,buy_cancel,2,0,0.03674899294455982,0.40288801162640964,39.01604047030638,0.010326214725275168,1440,-3174.553733770371,True,False
R2,3,buy_cancel,2,1,0.018338840628483923,0.36990652358455933,4783.726558251337,7.732601750543544e-05,681,-757.0001053269747,False,False
R2,3,buy_cancel,2,2,0.010257218324749445,0.5620279101006154,5847.560810484941,9.611322195963725e-05,548,630.1242311998355,False,False
R2,3,buy_cancel,2,3,0.00750774167642755,0.7362189119682868,4439.264293288267,0.00016584255032559735,666,2281.263702020078,True,False
R2,3,buy_cancel,2,4,0.005544990400289712,0.8464595263998188,3088.8949603231163,0.00027403312099394736,845,4190.031383228542,True,False
R2,3,buy_cancel,2,5,0.002698770314681909,0.981336211151279,4222.381569985648,0.00023241296289444884,3390,29327.122495650503,True,False
R2,3,buy_cancel,3,0,0.02518350247241183,0.33942220180047294,25.60746738860464,0.013254813396795198,892,-2656.8053307396603,True,False
R2,3,buy_cancel,3,1,0.006639992841835428,0.3416821448907478,2142.671845382821,0.00015946545693734125,236,-562.3577644140586,True,False
R2,3,buy_cancel,3,2,0.0026100881652058386,0.5788221461104034,1813.0990222483342,0.00031924464080987407,145,14.37464609684136,True,False
R2,3,buy_cancel,3,3,0.001452207825411391,0.7623830473713075,2299.3582614763313,0.00033156340190406433,143,407.9257893414903,True,False
R2,3,buy_cancel,3,4,0.0011540339298556064,0.8846042437096548,1767.50015022073,0.0005004832636643246,234,1113.8517546051962,False,False
R2,3,buy_cancel,3,5,0.001,0.9915265440422611,2588.422770301308,0.00038306205439803077,1543,13692.442482076945,True,False
R2,3,buy_cancel,4,0,0.021679281616201897,0.2835346361272538,3936.761983778202,7.202229580949647e-05,708,-1441.5880758185422,True,False
R2,3,buy_cancel,4,1,0.008082436931233065,0.42519692987212226,5689.141810563247,7.473832504625616e-05,329,-288.11312094883846,True,False
R2,3,buy_cancel,4,2,0.005302739536055799,0.6170319861935266,8054.383722630217,7.660821826254268e-05,324,585.59923034468,True,False
R2,3,buy_cancel,4,3,0.004355790042891618,0.7207501841197167,5874.592432516752,0.00012268939375781308,365,1174.0161559749918,True,False
R2,3,buy_cancel,4,4,0.0012415905691748725,0.854005612824283,2537.6945629962534,0.0003365281327694376,199,919.2369834699173,True,False
R2,3,buy_cancel,4,5,0.001,0.986771363764904,3737.283819776311,0.0002640343659593843,832,7268.627100567856,True,False
R2,3,buy_cancel,5,0,0.026155678723570105,0.3084815397576114,2654.292819201615,0.00011621985996646729,885,-1551.4974951431695,True,False
R2,3,buy_cancel,5,1,0.010985926867141395,0.3937450753247489,4011.204756860861,9.816130045500117e-05,424,-519.1588116564444,True,False
R2,3,buy_cancel,5,2,0.006829108281910907,0.5817139947097107,3916.2339727710305,0.00014853913191966524,382,379.02744837088085,True,False
R2,3,buy_cancel,5,3,0.004881295300447316,0.7200729732984417,3878.5052742870107,0.0001856573402316214,408,1201.021940354496,True,False
R2,3,buy_cancel,5,4,0.0024509888776618194,0.8352028015174501,2448.2721951406297,0.00034113968339597784,348,1518.4002084153005,True,False
R2,3,buy_cancel,5,5,0.0011367523913240394,0.9510986504503949,2875.841009914872,0.0003307201779136422,544,4053.4386290131924,True,False
R2,3,buy_cancel,6,0,0.01667757400753742,0.251023076070253,1173.2440758292646,0.00021395639768547435,521,-1501.7978559372636,True,False
R2,3,buy_cancel,6,1,0.003248183791483038,0.35037170101391396,11025.284065727725,3.177892732061663e-05,117,-236.4573940637881,True,False
R2,3,buy_cancel,6,2,0.001966010611385249,0.5659583012669416,15529.434861009655,3.6444230349161944e-05,106,107.76927230647743,True,False
R2,3,buy_cancel,6,3,0.001,0.7646336356243448,2705.609743734595,0.0002826104678973063,98,291.90804667543154,True,False
R2,3,buy_cancel,6,4,0.001,0.8689046802755617,13843.888585774597,6.276449531444596e-05,145,931.6825995450511,True,False
R2,3,buy_cancel,6,5,0.001,0.986687061552509,5398.515773761801,0.0001827700617914402,897,7981.999921824895,True,False
R2,3,buy_cancel,7,0,0.005075272290432613,0.5501909462904935,1.5249509863416837,0.36079254429703783,264,-953.8193419249739,True,False
R2,3,buy_cancel,7,1,0.00188098692869703,0.435757305965073,5180.51669070367,8.4114641836215e-05,78,-124.98259705950292,True,False
R2,3,buy_cancel,7,2,0.00132507865934824,0.5810063350158803,5079.188970425029,0.00011438958825886358,74,33.24166305679789,True,False
R2,3,buy_cancel,7,3,0.001,0.7655568869478302,14318.08142984044,5.346783999651841e-05,64,266.22863788820257,True,False
R2,3,buy_cancel,7,4,0.001,0.882914669332588,12796.138439290098,6.899852432212121e-05,94,604.8551713171913,True,False
R2,3,buy_cancel,7,5,0.001,0.9868134107511218,5287.024163559108,0.0001866481748944421,606,5379.764460400069,True,False
R2,3,buy_cancel,8,0,0.01516083251042194,0.20283427459232112,4709.045799803231,4.307332806166307e-05,445,-1400.0887058137916,True,False
R2,3,buy_cancel,8,1,0.00372077570110266,0.41568162636829387,7828.70745511686,5.3097095370015836e-05,149,-196.6934653279393,True,False
R2,3,buy_cancel,8,2,0.0029538720224341923,0.5707028994696395,5342.020600100045,0.00010683277774311679,161,104.6004389958214,True,False
R2,3,buy_cancel,8,3,0.0012857929033751245,0.7161790387946291,2632.2432505618717,0.00027207935233256096,106,240.24739807855863,True,False
R2,3,buy_cancel,8,4,0.001,0.8577821153951032,7387.192227293135,0.0001161174758964432,120,682.5034021027813,True,False
R2,3,buy_cancel,8,5,0.001,0.9783916350396599,5138.146660716828,0.0001904172262189113,556,4802.839960095301,True,False
R2,3,buy_cancel,9,0,0.005084988541855966,0.283204702468805,11944.693420257634,2.3709666921086756e-05,166,-458.8859949873762,True,False
R2,3,buy_cancel,9,1,0.0018805388968239148,0.47612887059205694,11484.80523187729,4.145728734436967e-05,84,-51.383409075372604,True,False
R2,3,buy_cancel,9,2,0.0015814527100157427,0.6224201020030659,3870.2104470237996,0.00016082332227739923,98,94.80641918345415,True,False
R2,3,buy_cancel,9,3,0.001,0.7837371859778206,12137.852733829563,6.456967333220783e-05,74,320.5767824899499,True,False
R2,3,buy_cancel,9,4,0.001,0.874974878474892,10329.43625332853,8.470693433951369e-05,120,729.0559392572798,True,False
R2,3,buy_cancel,9,5,0.001,0.9776730554673904,6787.286740237744,0.00014404475497865066,314,2682.393757285049,True,False
R2,3,buy_cancel,10,0,0.027001098621223678,0.3191798881761359,8263.085898003497,3.8627202006124035e-05,928,-1170.6994739291483,True,False
R2,3,buy_cancel,10,1,0.014959718821387498,0.419477062661194,10858.783127517512,3.8630209088363385e-05,603,-170.02375149207512,True,False
R2,3,buy_cancel,10,2,0.012614427186053667,0.5783089436907178,10055.947048713866,5.750914766050625e-05,700,1238.289461672236,True,False
R2,3,buy_cancel,10,3,0.008899995987641254,0.7447496886421608,11035.59156199197,6.748615916587351e-05,816,3502.5144842180935,True,False
R2,3,buy_cancel,10,4,0.0071317483190821915,0.8747162165116544,10603.264017781565,8.249499541318261e-05,1332,8713.032282352058,True,False
R2,3,buy_cancel,10,5,0.0063702554245625214,0.9810685890373578,5240.783991678736,0.00018719882189288637,7884,69269.63892192548,True,False
