regime,type_label,size,level,n_events,n_interarrivals,T,mean_tau
R1,sell_submit,1,0,0,0,23399.933403768002,
R1,sell_submit,1,1,20708,20707,23399.933403768002,1.130049423082436
R1,sell_submit,1,2,6340,6339,23399.933403768002,3.691053009620445
R1,sell_submit,1,3,2155,2154,23399.933403768002,10.832477099449397
R1,sell_submit,1,4,2304,2303,23399.933403768002,10.158926667139816
R1,sell_submit,1,5,1256,1255,23399.933403768002,18.63022435303586
R1,sell_submit,2,0,0,0,23399.933403768002,
R1,sell_submit,2,1,12115,12114,23399.933403768002,1.9315750584875353
R1,sell_submit,2,2,2586,2585,23399.933403768002,9.045256549075049
R1,sell_submit,2,3,2614,2613,23399.933403768002,8.954493361474551
R1,sell_submit,2,4,910,909,23399.933403768002,25.642496264722773
R1,sell_submit,2,5,534,533,23399.933403768002,43.83085472399438
R1,sell_submit,3,0,0,0,23399.933403768002,
R1,sell_submit,3,1,10922,10921,23399.933403768002,2.142022345142478
R1,sell_submit,3,2,1155,1154,23399.933403768002,20.217575242405548
R1,sell_submit,3,3,1505,1504,23399.933403768002,15.515560586916889
R1,sell_submit,3,4,792,791,23399.933403768002,29.36183237976612
R1,sell_submit,3,5,136,135,23399.933403768002,172.83344219275557
R1,sell_submit,4,0,0,0,23399.933403768002,
R1,sell_submit,4,1,4675,4674,23399.933403768002,5.00540468207146
R1,sell_submit,4,2,652,651,23399.933403768002,35.839966973692775
R1,sell_submit,4,3,303,302,23399.933403768002,77.25598142877483
R1,sell_submit,4,4,21,20,23399.933403768002,1145.9437861690003
R1,sell_submit,4,5,28,27,23399.933403768002,857.5696752259629
R1,sell_submit,5,0,0,0,23399.933403768002,
R1,sell_submit,5,1,4210,4209,23399.933403768002,5.55899329420765
R1,sell_submit,5,2,2493,2492,23399.933403768002,9.38809774780658
R1,sell_submit,5,3,1424,1423,23399.933403768002,16.41069511737034
R1,sell_submit,5,4,727,726,23399.933403768002,32.1234344221639
R1,sell_submit,5,5,394,393,23399.933403768002,59.51281539829008
R1,sell_submit,6,0,0,0,23399.933403768002,
R1,sell_submit,6,1,2229,2228,23399.933403768002,10.454541864080342
R1,sell_submit,6,2,844,843,23399.933403768002,27.09443872789324
R1,sell_submit,6,3,348,347,23399.933403768002,65.82045575761096
R1,sell_submit,6,4,71,70,23399.933403768002,299.27336423522854
R1,sell_submit,6,5,103,102,23399.933403768002,208.59339202501965
R1,sell_submit,7,0,0,0,23399.933403768002,
R1,sell_submit,7,1,1222,1221,23399.933403768002,19.15264591656429
R1,sell_submit,7,2,125,124,23399.933403768002,169.42119036692742
R1,sell_submit,7,3,173,172,23399.933403768002,133.59794947098834
R1,sell_submit,7,4,43,42,23399.933403768002,522.2818702599524
R1,sell_submit,7,5,185,184,23399.933403768002,117.96094113759781
R1,sell_submit,8,0,0,0,23399.933403768002,
R1,sell_submit,8,1,1776,1775,23399.933403768002,13.144123961794364
R1,sell_submit,8,2,132,131,23399.933403768002,177.76856828696182
R1,sell_submit,8,3,21,20,23399.933403768002,1075.5962190391
R1,sell_submit,8,4,57,56,23399.933403768002,260.84802153621433
R1,sell_submit,8,5,127,126,23399.933403768002,162.11225674573015
R1,sell_submit,9,0,0,0,23399.933403768002,
R1,sell_submit,9,1,821,820,23399.933403768002,28.515178640415854
R1,sell_submit,9,2,409,408,23399.933403768002,52.60112328456618
R1,sell_submit,9,3,61,60,23399.933403768002,360.48635695115007
R1,sell_submit,9,4,30,29,23399.933403768002,733.0279793696895
R1,sell_submit,9,5,104,103,23399.933403768002,206.58595503872817
R1,sell_submit,10,0,0,0,23399.933403768002,
R1,sell_submit,10,1,7684,7683,23399.933403768002,3.0455810412893403
R1,sell_submit,10,2,1714,1713,23399.933403768002,13.403291511022188
R1,sell_submit,10,3,798,797,23399.933403768002,29.20901230880301
R1,sell_submit,10,4,667,666,23399.933403768002,35.03994510756005
R1,sell_submit,10,5,975,974,23399.933403768002,24.02129140266427
R1,buy_submit,1,0,0,0,23399.933403768002,
R1,buy_submit,1,1,24268,24267,23399.933403768002,0.9642275011317424
R1,buy_submit,1,2,7372,7371,23399.933403768002,3.1744661351884416
R1,buy_submit,1,3,3719,3718,23399.933403768002,6.293464698974718
R1,buy_submit,1,4,2929,2928,23399.933403768002,7.989867324196039
R1,buy_submit,1,5,1875,1874,23399.933403768002,12.486180226816437
R1,buy_submit,2,0,0,0,23399.933403768002,
R1,buy_submit,2,1,12182,12181,23399.933403768002,1.9209352125479027
R1,buy_submit,2,2,3807,3806,23399.933403768002,6.147949835500787
R1,buy_submit,2,3,2820,2819,23399.933403768002,8.300319193324938
R1,buy_submit,2,4,982,981,23399.933403768002,23.778570766431198
R1,buy_submit,2,5,673,672,23399.933403768002,34.700176268418154
R1,buy_submit,3,0,0,0,23399.933403768002,
R1,buy_submit,3,1,8860,8859,23399.933403768002,2.6398084700286715
R1,buy_submit,3,2,1758,1757,23399.933403768002,13.306478229115537
R1,buy_submit,3,3,2073,2072,23399.933403768002,11.274144533095075
R1,buy_submit,3,4,739,738,23399.933403768002,31.32650355720325
R1,buy_submit,3,5,301,300,23399.933403768002,77.59662769934667
R1,buy_submit,4,0,0,0,23399.933403768002,
R1,buy_submit,4,1,4485,4484,23399.933403768002,5.217541581617306
R1,buy_submit,4,2,780,779,23399.933403768002,30.017315663134788
R1,buy_submit,4,3,324,323,23399.933403768002,72.43893208676471
R1,buy_submit,4,4,57,56,23399.933403768002,412.27569825421426
R1,buy_submit,4,5,36,35,23399.933403768002,654.8176541082859
R1,buy_submit,5,0,0,0,23399.933403768002,
R1,buy_submit,5,1,2853,2852,23399.933403768002,8.20401152783871
R1,buy_submit,5,2,2137,2136,23399.933403768002,10.950479620110958
R1,buy_submit,5,3,1653,1652,23399.933403768002,14.160004668542369
R1,buy_submit,5,4,945,944,23399.933403768002,24.524976005240468
R1,buy_submit,5,5,423,422,23399.933403768002,55.28045893958767
R1,buy_submit,6,0,0,0,23399.933403768002,
R1,buy_submit,6,1,1757,1756,23399.933403768002,13.324107612332572
R1,buy_submit,6,2,190,189,23399.933403768002,123.44766568013226
R1,buy_submit,6,3,151,150,23399.933403768002,154.80382379848666
R1,buy_submit,6,4,18,17,23399.933403768002,1120.1152163624706
R1,buy_submit,6,5,90,89,23399.933403768002,238.79674649264044
R1,buy_submit,7,0,0,0,23399.933403768002,
R1,buy_submit,7,1,998,997,23399.933403768002,23.451274600869613
R1,buy_submit,7,2,226,225,23399.933403768002,102.30746317480892
R1,buy_submit,7,3,343,342,23399.933403768002,67.40470465471637
R1,buy_submit,7,4,96,95,23399.933403768002,226.99095172316837
R1,buy_submit,7,5,94,93,23399.933403768002,239.5024628251613
R1,buy_submit,8,0,0,0,23399.933403768002,
R1,buy_submit,8,1,1697,1696,23399.933403768002,13.748992233238798
R1,buy_submit,8,2,214,213,23399.933403768002,105.6651211190047
R1,buy_submit,8,3,87,86,23399.933403768002,261.33148067594186
R1,buy_submit,8,4,379,378,23399.933403768002,38.093456248373
R1,buy_submit,8,5,400,399,23399.933403768002,55.192926741441106
R1,buy_submit,9,0,0,0,23399.933403768002,
R1,buy_submit,9,1,639,638,23399.933403768002,36.675077894789965
R1,buy_submit,9,2,112,111,23399.933403768002,203.27939239393694
R1,buy_submit,9,3,49,48,23399.933403768002,431.4590749552708
R1,buy_submit,9,4,32,31,23399.933403768002,685.019648554484
R1,buy_submit,9,5,67,66,23399.933403768002,302.3292508455303
R1,buy_submit,10,0,0,0,23399.933403768002,
R1,buy_submit,10,1,8219,8218,23399.933403768002,2.846939633123509
R1,buy_submit,10,2,1459,1458,23399.933403768002,15.993487982845679
R1,buy_submit,10,3,852,851,23399.933403768002,27.495629771390135
R1,buy_submit,10,4,795,794,23399.933403768002,29.43378329282619
R1,buy_submit,10,5,1109,1108,23399.933403768002,21.099493236095665
R1,sell_cancel,1,0,0,0,23399.933403768002,
R1,sell_cancel,1,1,17530,17529,23399.933403768002,1.3347315335952992
R1,sell_cancel,1,2,8165,8164,23399.933403768002,2.866044922570063
R1,sell_cancel,1,3,2072,2071,23399.933403768002,11.297076091504103
R1,sell_cancel,1,4,1930,1929,23399.933403768002,12.119223744373247
R1,sell_cancel,1,5,1019,1018,23399.933403768002,22.964619467152257
R1,sell_cancel,2,0,0,0,23399.933403768002,
R1,sell_cancel,2,1,10152,10151,23399.933403768002,2.304924700578761
R1,sell_cancel,2,2,3825,3824,23399.933403768002,6.11837783895319
R1,sell_cancel,2,3,2535,2534,23399.933403768002,9.232899332762038
R1,sell_cancel,2,4,570,569,23399.933403768002,41.04417010617574
R1,sell_cancel,2,5,831,830,23399.933403768002,28.168508240884343
R1,sell_cancel,3,0,0,0,23399.933403768002,
R1,sell_cancel,3,1,9244,9243,23399.933403768002,2.5298373272391004
R1,sell_cancel,3,2,1919,1918,23399.933403768002,12.193831744407195
R1,sell_cancel,3,3,1303,1302,23399.933403768002,17.909274268589094
R1,sell_cancel,3,4,875,874,23399.933403768002,26.199716831231118
R1,sell_cancel,3,5,113,112,23399.933403768002,201.9509652101339
R1,sell_cancel,4,0,0,0,23399.933403768002,
R1,sell_cancel,4,1,4028,4027,23399.933403768002,5.804512627678172
R1,sell_cancel,4,2,1042,1041,23399.933403768002,22.475350055813642
R1,sell_cancel,4,3,279,278,23399.933403768002,83.88123851072302
R1,sell_cancel,4,4,58,57,23399.933403768002,402.00237476380704
R1,sell_cancel,4,5,28,27,23399.933403768002,845.9254240117777
R1,sell_cancel,5,0,0,0,23399.933403768002,
R1,sell_cancel,5,1,3443,3442,23399.933403768002,6.794871920555493
R1,sell_cancel,5,2,2697,2696,23399.933403768002,8.678353049510015
R1,sell_cancel,5,3,1404,1403,23399.933403768002,16.676082841792585
R1,sell_cancel,5,4,664,663,23399.933403768002,35.2889053045641
R1,sell_cancel,5,5,309,308,23399.933403768002,75.96280593772403
R1,sell_cancel,6,0,0,0,23399.933403768002,
R1,sell_cancel,6,1,2024,2023,23399.933403768002,11.506576073117154
R1,sell_cancel,6,2,1100,1099,23399.933403768002,21.182029530355774
R1,sell_cancel,6,3,146,145,23399.933403768002,154.4550636094345
R1,sell_cancel,6,4,108,107,23399.933403768002,209.215344644028
R1,sell_cancel,6,5,40,39,23399.933403768002,560.7970033204872
R1,sell_cancel,7,0,0,0,23399.933403768002,
R1,sell_cancel,7,1,839,838,23399.933403768002,27.772333045415277
R1,sell_cancel,7,2,372,371,23399.933403768002,62.782224307123975
R1,sell_cancel,7,3,72,71,23399.933403768002,316.8307604904084
R1,sell_cancel,7,4,54,53,23399.933403768002,407.18981899990564
R1,sell_cancel,7,5,116,115,23399.933403768002,181.4873439795478
R1,sell_cancel,8,0,0,0,23399.933403768002,
R1,sell_cancel,8,1,1142,1141,23399.933403768002,20.43826289961963
R1,sell_cancel,8,2,587,586,23399.933403768002,39.79576779595052
R1,sell_cancel,8,3,38,37,23399.933403768002,589.6124740663514
R1,sell_cancel,8,4,55,54,23399.933403768002,398.5435858950185
R1,sell_cancel,8,5,146,145,23399.933403768002,150.86041732347587
R1,sell_cancel,9,0,0,0,23399.933403768002,
R1,sell_cancel,9,1,760,759,23399.933403768002,30.748358700989456
R1,sell_cancel,9,2,359,358,23399.933403768002,65.13585666994135
R1,sell_cancel,9,3,39,38,23399.933403768002,568.3641081770526
R1,sell_cancel,9,4,69,68,23399.933403768002,317.6588581967353
R1,sell_cancel,9,5,15,14,23399.933403768002,1495.738268681071
R1,sell_cancel,10,0,0,0,23399.933403768002,
R1,sell_cancel,10,1,5961,5960,23399.933403768002,3.913014620281544
R1,sell_cancel,10,2,3068,3067,23399.933403768002,7.608828524446364
R1,sell_cancel,10,3,997,996,23399.933403768002,23.4091064811747
R1,sell_cancel,10,4,544,543,23399.933403768002,43.05127083597974
R1,sell_cancel,10,5,784,783,23399.933403768002,29.7960572944355
R1,buy_cancel,1,0,0,0,23399.933403768002,
R1,buy_cancel,1,1,18261,18260,23399.933403768002,1.2814667156983024
R1,buy_cancel,1,2,11704,11703,23399.933403768002,1.9994517945847217
R1,buy_cancel,1,3,3526,3525,23399.933403768002,6.637322635478582
R1,buy_cancel,1,4,2821,2820,23399.933403768002,8.296524100246453
R1,buy_cancel,1,5,1657,1656,23399.933403768002,14.128852658747588
R1,buy_cancel,2,0,0,0,23399.933403768002,
R1,buy_cancel,2,1,10594,10593,23399.933403768002,2.2089492214041346
R1,buy_cancel,2,2,5184,5183,23399.933403768002,4.514603915379316
R1,buy_cancel,2,3,2715,2714,23399.933403768002,8.6214730898353
R1,buy_cancel,2,4,604,603,23399.933403768002,38.798611315361526
R1,buy_cancel,2,5,753,752,23399.933403768002,31.004609507964098
R1,buy_cancel,3,0,0,0,23399.933403768002,
R1,buy_cancel,3,1,7836,7835,23399.933403768002,2.983852543792215
R1,buy_cancel,3,2,2338,2337,23399.933403768002,10.005321064495508
R1,buy_cancel,3,3,1772,1771,23399.933403768002,13.178753753645397
R1,buy_cancel,3,4,878,877,23399.933403768002,26.26511553150513
R1,buy_cancel,3,5,299,298,23399.933403768002,78.50221819519126
R1,buy_cancel,4,0,0,0,23399.933403768002,
R1,buy_cancel,4,1,4020,4019,23399.933403768002,5.818367615553621
R1,buy_cancel,4,2,1163,1162,23399.933403768002,20.131320985814114
R1,buy_cancel,4,3,280,279,23399.933403768002,83.8121896265914
R1,buy_cancel,4,4,102,101,23399.933403768002,231.41975260832677
R1,buy_cancel,4,5,40,39,23399.933403768002,560.0002062635641
R1,buy_cancel,5,0,0,0,23399.933403768002,
R1,buy_cancel,5,1,2531,2530,23399.933403768002,9.23782461780316
R1,buy_cancel,5,2,2431,2430,23399.933403768002,9.628906381762963
R1,buy_cancel,5,3,1706,1705,23399.933403768002,13.72386719402229
R1,buy_cancel,5,4,882,881,23399.933403768002,26.559811067118048
R1,buy_cancel,5,5,310,309,23399.933403768002,75.72554545992881
R1,buy_cancel,6,0,0,0,23399.933403768002,
R1,buy_cancel,6,1,1448,1447,23399.933403768002,16.12918306382308
R1,buy_cancel,6,2,623,622,23399.933403768002,37.426138522114144
R1,buy_cancel,6,3,62,61,23399.933403768002,380.71076957219674
R1,buy_cancel,6,4,40,39,23399.933403768002,557.2818816450256
R1,buy_cancel,6,5,36,35,23399.933403768002,596.865505740257
R1,buy_cancel,7,0,0,0,23399.933403768002,
R1,buy_cancel,7,1,861,860,23399.933403768002,27.15585741951628
R1,buy_cancel,7,2,549,548,23399.933403768002,42.58644064432117
R1,buy_cancel,7,3,151,150,23399.933403768002,154.96305727018
R1,buy_cancel,7,4,62,61,23399.933403768002,377.716093573459
R1,buy_cancel,7,5,55,54,23399.933403768002,405.5083456766297
R1,buy_cancel,8,0,0,0,23399.933403768002,
R1,buy_cancel,8,1,1221,1220,23399.933403768002,19.12450120705
R1,buy_cancel,8,2,673,672,23399.933403768002,34.69860692145982
R1,buy_cancel,8,3,257,256,23399.933403768002,87.7482640410586
R1,buy_cancel,8,4,138,137,23399.933403768002,163.62932533970803
R1,buy_cancel,8,5,504,503,23399.933403768002,44.69721991257457
R1,buy_cancel,9,0,0,0,23399.933403768002,
R1,buy_cancel,9,1,560,559,23399.933403768002,41.85523384577818
R1,buy_cancel,9,2,157,156,23399.933403768002,149.47604418559612
R1,buy_cancel,9,3,79,78,23399.933403768002,287.30774180841024
R1,buy_cancel,9,4,41,40,23399.933403768002,560.0800255899501
R1,buy_cancel,9,5,13,12,23399.933403768002,1660.5932344313333
R1,buy_cancel,10,0,0,0,23399.933403768002,
R1,buy_cancel,10,1,7028,7027,23399.933403768002,3.312251432195531
R1,buy_cancel,10,2,2770,2769,23399.933403768002,8.419596351903575
R1,buy_cancel,10,3,1280,1279,23399.933403768002,18.28997605170993
R1,buy_cancel,10,4,764,763,23399.933403768002,30.557910998509826
R1,buy_cancel,10,5,784,783,23399.933403768002,29.739705213363987
R2,sell_submit,1,0,0,0,23397.673190644004,
R2,sell_submit,1,1,0,0,23397.673190644004,
R2,sell_submit,1,2,5275,5274,23397.673190644004,4.436268589037164
R2,sell_submit,1,3,236,235,23397.673190644004,99.55626115317874
R2,sell_submit,1,4,88,87,23397.673190644004,268.66704931219533
R2,sell_submit,1,5,86,85,23397.673190644004,274.8002129964
R2,sell_submit,2,0,0,0,23397.673190644004,
R2,sell_submit,2,1,0,0,23397.673190644004,
R2,sell_submit,2,2,4537,4536,23397.673190644004,5.158042472387125
R2,sell_submit,2,3,136,135,23397.673190644004,172.58217047469628
R2,sell_submit,2,4,39,38,23397.673190644004,613.9827526143948
R2,sell_submit,2,5,20,19,23397.673190644004,1158.0492103076842
R2,sell_submit,3,0,0,0,23397.673190644004,
R2,sell_submit,3,1,0,0,23397.673190644004,
R2,sell_submit,3,2,1395,1394,23397.673190644004,16.768363981146344
R2,sell_submit,3,3,51,50,23397.673190644004,455.4032840681399
R2,sell_submit,3,4,55,54,23397.673190644004,430.6542754754445
R2,sell_submit,3,5,44,43,23397.673190644004,410.51897591213947
R2,sell_submit,4,0,0,0,23397.673190644004,
R2,sell_submit,4,1,0,0,23397.673190644004,
R2,sell_submit,4,2,2792,2791,23397.673190644004,8.380862140201003
R2,sell_submit,4,3,30,29,23397.673190644004,771.8781504558965
R2,sell_submit,4,4,12,11,23397.673190644004,2002.8807343111819
R2,sell_submit,4,5,2,1,23397.673190644004,7944.9409159620045
R2,sell_submit,5,0,0,0,23397.673190644004,
R2,sell_submit,5,1,0,0,23397.673190644004,
R2,sell_submit,5,2,3130,3129,23397.673190644004,7.475579600247683
R2,sell_submit,5,3,156,155,23397.673190644004,150.91009686666456
R2,sell_submit,5,4,102,101,23397.673190644004,231.4135463981188
R2,sell_submit,5,5,69,68,23397.673190644004,294.34070430594113
R2,sell_submit,6,0,0,0,23397.673190644004,
R2,sell_submit,6,1,0,0,23397.673190644004,
R2,sell_submit,6,2,1533,1532,23397.673190644004,15.238682463101176
R2,sell_submit,6,3,26,25,23397.673190644004,782.18336194348
R2,sell_submit,6,4,15,14,23397.673190644004,829.7520992940002
R2,sell_submit,6,5,3,2,23397.673190644004,10091.576556153497
R2,sell_submit,7,0,0,0,23397.673190644004,
R2,sell_submit,7,1,0,0,23397.673190644004,
R2,sell_submit,7,2,1041,1040,23397.673190644004,22.413350048862505
R2,sell_submit,7,3,6,5,23397.673190644004,2221.5098791085998
R2,sell_submit,7,4,6,5,23397.673190644004,4347.2119131944
R2,sell_submit,7,5,3,2,23397.673190644004,5370.0227132069995
R2,sell_submit,8,0,0,0,23397.673190644004,
R2,sell_submit,8,1,0,0,23397.673190644004,
R2,sell_submit,8,2,2276,2275,23397.673190644004,10.278529934705494
R2,sell_submit,8,3,1,0,23397.673190644004,
R2,sell_submit,8,4,0,0,23397.673190644004,
R2,sell_submit,8,5,1,0,23397.673190644004,
R2,sell_submit,9,0,0,0,23397.673190644004,
R2,sell_submit,9,1,0,0,23397.673190644004,
R2,sell_submit,9,2,623,622,23397.673190644004,37.481000967983924
R2,sell_submit,9,3,4,3,23397.673190644004,6231.341360475667
R2,sell_submit,9,4,0,0,23397.673190644004,
R2,sell_submit,9,5,0,0,23397.673190644004,
R2,sell_submit,10,0,0,0,23397.673190644004,
R2,sell_submit,10,1,0,0,23397.673190644004,
R2,sell_submit,10,2,5772,5771,23397.673190644004,4.0434149214690684
R2,sell_submit,10,3,52,51,23397.673190644004,454.61505132335293
R2,sell_submit,10,4,28,27,23397.673190644004,846.8564880437409
R2,sell_submit,10,5,28,27,23397.673190644004,864.1930435255927
R2,buy_submit,1,0,0,0,23397.673190644004,
R2,buy_submit,1,1,0,0,23397.673190644004,
R2,buy_submit,1,2,4403,4402,23397.673190644004,5.314869443393457
R2,buy_submit,1,3,379,378,23397.673190644004,61.893705592497355
R2,buy_submit,1,4,102,101,23397.673190644004,227.69818851028714
R2,buy_submit,1,5,153,152,23397.673190644004,151.38288987365132
R2,buy_submit,2,0,0,0,23397.673190644004,
R2,buy_submit,2,1,0,0,23397.673190644004,
R2,buy_submit,2,2,7766,7765,23397.673190644004,3.013014207836961
R2,buy_submit,2,3,177,176,23397.673190644004,132.91808692952273
R2,buy_submit,2,4,39,38,23397.673190644004,613.7811665053683
R2,buy_submit,2,5,21,20,23397.673190644004,1148.8163797139
R2,buy_submit,3,0,0,0,23397.673190644004,
R2,buy_submit,3,1,0,0,23397.673190644004,
R2,buy_submit,3,2,3130,3129,23397.673190644004,7.469891856490253
R2,buy_submit,3,3,94,93,23397.673190644004,251.54732845678495
R2,buy_submit,3,4,78,77,23397.673190644004,301.862262886091
R2,buy_submit,3,5,63,62,23397.673190644004,372.88457647367744
R2,buy_submit,4,0,0,0,23397.673190644004,
R2,buy_submit,4,1,0,0,23397.673190644004,
R2,buy_submit,4,2,2948,2947,23397.673190644004,7.9316540966355635
R2,buy_submit,4,3,50,49,23397.673190644004,476.9828529894081
R2,buy_submit,4,4,39,38,23397.673190644004,610.4794941392632
R2,buy_submit,4,5,0,0,23397.673190644004,
R2,buy_submit,5,0,0,0,23397.673190644004,
R2,buy_submit,5,1,0,0,23397.673190644004,
R2,buy_submit,5,2,3021,3020,23397.673190644004,7.739662392604966
R2,buy_submit,5,3,154,153,23397.673190644004,152.4198432301961
R2,buy_submit,5,4,101,100,23397.673190644004,220.33159536082
R2,buy_submit,5,5,52,51,23397.673190644004,418.43118235152946
R2,buy_submit,6,0,0,0,23397.673190644004,
R2,buy_submit,6,1,0,0,23397.673190644004,
R2,buy_submit,6,2,2275,2274,23397.673190644004,10.279499276970977
R2,buy_submit,6,3,17,16,23397.673190644004,1378.4625286425626
R2,buy_submit,6,4,10,9,23397.673190644004,1824.489792108556
R2,buy_submit,6,5,2,1,23397.673190644004,15074.374731012998
R2,buy_submit,7,0,0,0,23397.673190644004,
R2,buy_submit,7,1,0,0,23397.673190644004,
R2,buy_submit,7,2,1314,1313,23397.673190644004,17.710722798432595
R2,buy_submit,7,3,8,7,23397.673190644004,1663.024524888428
R2,buy_submit,7,4,11,10,23397.673190644004,1920.2987622474
R2,buy_submit,7,5,2,1,23397.673190644004,4387.058333942994
R2,buy_submit,8,0,0,0,23397.673190644004,
R2,buy_submit,8,1,0,0,23397.673190644004,
R2,buy_submit,8,2,2090,2089,23397.673190644004,11.197330773921497
R2,buy_submit,8,3,5,4,23397.673190644004,3984.218578159249
R2,buy_submit,8,4,13,12,23397.673190644004,1746.3952417404998
R2,buy_submit,8,5,11,10,23397.673190644004,1312.6661779624003
R2,buy_submit,9,0,0,0,23397.673190644004,
R2,buy_submit,9,1,0,0,23397.673190644004,
R2,buy_submit,9,2,956,955,23397.673190644004,24.492702883095287
R2,buy_submit,9,3,0,0,23397.673190644004,
R2,buy_submit,9,4,0,0,23397.673190644004,
R2,buy_submit,9,5,1,0,23397.673190644004,
R2,buy_submit,10,0,0,0,23397.673190644004,
R2,buy_submit,10,1,0,0,23397.673190644004,
R2,buy_submit,10,2,13568,13567,23397.673190644004,1.7245816321208816
R2,buy_submit,10,3,52,51,23397.673190644004,458.6146499652549
R2,buy_submit,10,4,43,42,23397.673190644004,555.0459568830239
R2,buy_submit,10,5,40,39,23397.673190644004,599.8285680319744
R2,sell_cancel,1,0,0,0,23397.673190644004,
R2,sell_cancel,1,1,37,36,23397.673190644004,573.027594062639
R2,sell_cancel,1,2,4317,4316,23397.673190644004,5.420964078463394
R2,sell_cancel,1,3,324,323,23397.673190644004,72.43232582297833
R2,sell_cancel,1,4,336,335,23397.673190644004,69.77047938161792
R2,sell_cancel,1,5,89,88,23397.673190644004,265.7934275600455
R2,sell_cancel,2,0,0,0,23397.673190644004,
R2,sell_cancel,2,1,7,6,23397.673190644004,107.60324740599997
R2,sell_cancel,2,2,3991,3990,23397.673190644004,5.858694571127569
R2,sell_cancel,2,3,196,195,23397.673190644004,119.59932165985643
R2,sell_cancel,2,4,46,45,23397.673190644004,518.4901841942221
R2,sell_cancel,2,5,30,29,23397.673190644004,792.2629754272416
R2,sell_cancel,3,0,0,0,23397.673190644004,
R2,sell_cancel,3,1,14,13,23397.673190644004,1760.380259623231
R2,sell_cancel,3,2,1335,1334,23397.673190644004,17.522561275686655
R2,sell_cancel,3,3,123,122,23397.673190644004,191.10963954462292
R2,sell_cancel,3,4,102,101,23397.673190644004,222.4013683764653
R2,sell_cancel,3,5,18,17,23397.673190644004,1052.6685364682944
R2,sell_cancel,4,0,0,0,23397.673190644004,
R2,sell_cancel,4,1,14,13,23397.673190644004,1760.2620562216152
R2,sell_cancel,4,2,2595,2594,23397.673190644004,9.017397721490363
R2,sell_cancel,4,3,54,53,23397.673190644004,439.86895384216973
R2,sell_cancel,4,4,11,10,23397.673190644004,2329.7063874465
R2,sell_cancel,4,5,2,1,23397.673190644004,22884.728548972
R2,sell_cancel,5,0,0,0,23397.673190644004,
R2,sell_cancel,5,1,2,1,23397.673190644004,108.56034665300103
R2,sell_cancel,5,2,2854,2853,23397.673190644004,8.19977748202769
R2,sell_cancel,5,3,168,167,23397.673190644004,140.0798764846467
R2,sell_cancel,5,4,90,89,23397.673190644004,262.62884916816853
R2,sell_cancel,5,5,69,68,23397.673190644004,337.8526881290294
R2,sell_cancel,6,0,0,0,23397.673190644004,
R2,sell_cancel,6,1,0,0,23397.673190644004,
R2,sell_cancel,6,2,1148,1147,23397.673190644004,20.33612606124237
R2,sell_cancel,6,3,19,18,23397.673190644004,1174.254809510889
R2,sell_cancel,6,4,7,6,23397.673190644004,1422.5687683913336
R2,sell_cancel,6,5,5,4,23397.673190644004,5432.04712647825
R2,sell_cancel,7,0,0,0,23397.673190644004,
R2,sell_cancel,7,1,0,0,23397.673190644004,
R2,sell_cancel,7,2,899,898,23397.673190644004,25.997919320544543
R2,sell_cancel,7,3,17,16,23397.673190644004,1419.9614772798127
R2,sell_cancel,7,4,5,4,23397.673190644004,5077.032025670751
R2,sell_cancel,7,5,2,1,23397.673190644004,4169.967553281
R2,sell_cancel,8,0,0,0,23397.673190644004,
R2,sell_cancel,8,1,4,3,23397.673190644004,51.44275339299929
R2,sell_cancel,8,2,1721,1720,23397.673190644004,13.595148565140699
R2,sell_cancel,8,3,8,7,23397.673190644004,3326.5444101531425
R2,sell_cancel,8,4,2,1,23397.673190644004,6833.433873539994
R2,sell_cancel,8,5,0,0,23397.673190644004,
R2,sell_cancel,9,0,0,0,23397.673190644004,
R2,sell_cancel,9,1,1,0,23397.673190644004,
R2,sell_cancel,9,2,560,559,23397.673190644004,41.61726154619856
R2,sell_cancel,9,3,7,6,23397.673190644004,3534.5811807441664
R2,sell_cancel,9,4,2,1,23397.673190644004,1270.4262032479965
R2,sell_cancel,9,5,2,1,23397.673190644004,16665.31341429
R2,sell_cancel,10,0,0,0,23397.673190644004,
R2,sell_cancel,10,1,5,4,23397.673190644004,5688.746215861249
R2,sell_cancel,10,2,4472,4471,23397.673190644004,5.209835204892642
R2,sell_cancel,10,3,66,65,23397.673190644004,357.8437768429078
R2,sell_cancel,10,4,41,40,23397.673190644004,581.85844329215
R2,sell_cancel,10,5,31,30,23397.673190644004,779.4423189563332
R2,buy_cancel,1,0,0,0,23397.673190644004,
R2,buy_cancel,1,1,37,36,23397.673190644004,635.6493800037499
R2,buy_cancel,1,2,3688,3687,23397.673190644004,6.345991872396527
R2,buy_cancel,1,3,494,493,23397.673190644004,47.451345276322506
R2,buy_cancel,1,4,298,297,23397.673190644004,78.4454462145825
R2,buy_cancel,1,5,90,89,23397.673190644004,262.6157239243034
R2,buy_cancel,2,0,0,0,23397.673190644004,
R2,buy_cancel,2,1,15,14,23397.673190644004,1659.7003460476428
R2,buy_cancel,2,2,7254,7253,23397.673190644004,3.225707425092238
R2,buy_cancel,2,3,234,233,23397.673190644004,100.4030500770601
R2,buy_cancel,2,4,47,46,23397.673190644004,506.50053792752175
R2,buy_cancel,2,5,20,19,23397.673190644004,1200.243276510421
R2,buy_cancel,3,0,0,0,23397.673190644004,
R2,buy_cancel,3,1,7,6,23397.673190644004,3873.9064605041663
R2,buy_cancel,3,2,2951,2950,23397.673190644004,7.9299259503084745
R2,buy_cancel,3,3,124,123,23397.673190644004,188.40970922913007
R2,buy_cancel,3,4,92,91,23397.673190644004,256.81259677503294
R2,buy_cancel,3,5,19,18,23397.673190644004,990.4103209933334
R2,buy_cancel,4,0,0,0,23397.673190644004,
R2,buy_cancel,4,1,4,3,23397.673190644004,1081.3154670220003
R2,buy_cancel,4,2,2694,2693,23397.673190644004,8.670395927976234
R2,buy_cancel,4,3,51,50,23397.673190644004,467.4419706448
R2,buy_cancel,4,4,4,3,23397.673190644004,606.8817858963326
R2,buy_cancel,4,5,4,3,23397.673190644004,3601.6255904853338
R2,buy_cancel,5,0,0,0,23397.673190644004,
R2,buy_cancel,5,1,1,0,23397.673190644004,
R2,buy_cancel,5,2,2650,2649,23397.673190644004,8.831227172056627
R2,buy_cancel,5,3,175,174,23397.673190644004,134.43152522964942
R2,buy_cancel,5,4,110,109,23397.673190644004,210.79563925908255
R2,buy_cancel,5,5,55,54,23397.673190644004,395.1516526855184
R2,buy_cancel,6,0,0,0,23397.673190644004,
R2,buy_cancel,6,1,3,2,23397.673190644004,2445.8424444835
R2,buy_cancel,6,2,1860,1859,23397.673190644004,12.551692194062937
R2,buy_cancel,6,3,13,12,23397.673190644004,1821.0026342227495
R2,buy_cancel,6,4,3,2,23397.673190644004,5155.870704627501
R2,buy_cancel,6,5,5,4,23397.673190644004,3752.139311121249
R2,buy_cancel,7,0,0,0,23397.673190644004,
R2,buy_cancel,7,1,2,1,23397.673190644004,10505.870698314
R2,buy_cancel,7,2,1161,1160,23397.673190644004,19.883386018938793
R2,buy_cancel,7,3,10,9,23397.673190644004,2547.1976871098886
R2,buy_cancel,7,4,6,5,23397.673190644004,2218.9598277636005
R2,buy_cancel,7,5,1,0,23397.673190644004,
R2,buy_cancel,8,0,0,0,23397.673190644004,
R2,buy_cancel,8,1,8,7,23397.673190644004,3190.251617411714
R2,buy_cancel,8,2,1506,1505,23397.673190644004,15.544005158537539
R2,buy_cancel,8,3,7,6,23397.673190644004,2268.3170140565003
R2,buy_cancel,8,4,3,2,23397.673190644004,4039.711559116
R2,buy_cancel,8,5,13,12,23397.673190644004,1046.064242552833
R2,buy_cancel,9,0,0,0,23397.673190644004,
R2,buy_cancel,9,1,4,3,23397.673190644004,2165.3521402460005
R2,buy_cancel,9,2,849,848,23397.673190644004,27.288848241305423
R2,buy_cancel,9,3,2,1,23397.673190644004,22178.554407101998
R2,buy_cancel,9,4,1,0,23397.673190644004,
R2,buy_cancel,9,5,0,0,23397.673190644004,
R2,buy_cancel,10,0,0,0,23397.673190644004,
R2,buy_cancel,10,1,10,9,23397.673190644004,2487.510573200556
R2,buy_cancel,10,2,12071,12070,23397.673190644004,1.9380636655937862
R2,buy_cancel,10,3,101,100,23397.673190644004,233.95206784773995
R2,buy_cancel,10,4,53,52,23397.673190644004,447.9376105850578
R2,buy_cancel,10,5,28,27,23397.673190644004,866.344850550926
